Patch,X,Y,K,K StDev,N0,Natal Grounds,Migration Grounds,Genes Initialize,Class Vars,Mortality Out %,Mortality Out StDev,Mortality Back,Mortality Back StDev,Mortality Eggs,Mortality Eggs StDev,Migration,Set Migration,Straying,GrowthTemperatureOut,GrowthTemperatureOutStDev,GrowDaysOut,GrowDaysOutStDev,GrowthTemperatureBack,GrowthTemperatureBackStDev,GrowDaysBack,GrowDaysBackStDev,Capture Probability Out,Capture Probability Back,Fitness_AA,Fitness_Aa,Fitness_aa,Fitness_BB,Fitness_Bb,Fitness_bb,Fitness_AABB,Fitness_AaBB,Fitness_aaBB,Fitness_AABb,Fitness_AaBb,Fitness_aaBb,Fitness_AAbb,Fitness_Aabb,Fitness_aabb
1,643076.2,5459568,540,0,135,1,0,Genetic_input/BT_randallele20.csv;Genetic_input/DV_randallele20.csv,Classvars_BT.csv;Classvars_DV.csv,0,0,0,0,0,0,0,N,1,6.036052322,0,289,0,9.105000305,0,76,0,1,1,0,0,0,0,0,0,0,0,0,0,0,0,0,0,0
2,653385.7,5461523,99,0,25,1,0,Genetic_input/BT_randallele20.csv;Genetic_input/DV_randallele20.csv,Classvars_BT.csv;Classvars_DV.csv,0,0,0,0,0,0,0,N,1,5.978947449,0,289,0,9.083999634,0,76,0,1,1,0,0,0,0,0,0,0,0,0,0,0,0,0,0,0
3,625925.8,5460582,670,0,168,1,0,Genetic_input/BT_randallele20.csv;Genetic_input/DV_randallele20.csv,Classvars_BT.csv;Classvars_DV.csv,0,0,0,0,0,0,0,N,1,6.538947296,0,289,0,9.490000153,0,76,0,1,1,0,0,0,0,0,0,0,0,0,0,0,0,0,0,0
4,654202,5460986,198,0,50,1,0,Genetic_input/BT_randallele20.csv;Genetic_input/DV_randallele20.csv,Classvars_BT.csv;Classvars_DV.csv,0,0,0,0,0,0,0,N,1,5.676842117,0,289,0,8.790000916,0,76,0,1,1,0,0,0,0,0,0,0,0,0,0,0,0,0,0,0
5,630243.4,5460009,187,0,47,1,0,Genetic_input/BT_randallele20.csv;Genetic_input/DV_randallele20.csv,Classvars_BT.csv;Classvars_DV.csv,0,0,0,0,0,0,0,N,1,6.30684166,0,289,0,9.294000244,0,76,0,1,1,0,0,0,0,0,0,0,0,0,0,0,0,0,0,0
6,653106.2,5460229,203,0,51,1,0,Genetic_input/BT_randallele20.csv;Genetic_input/DV_randallele20.csv,Classvars_BT.csv;Classvars_DV.csv,0,0,0,0,0,0,0,N,1,6.067368698,0,289,0,9.168000031,0,76,0,1,1,0,0,0,0,0,0,0,0,0,0,0,0,0,0,0
7,655442.2,5460307,118,0,30,1,0,Genetic_input/BT_randallele20.csv;Genetic_input/DV_randallele20.csv,Classvars_BT.csv;Classvars_DV.csv,0,0,0,0,0,0,0,N,1,5.846316147,0,289,0,8.958000183,0,76,0,1,1,0,0,0,0,0,0,0,0,0,0,0,0,0,0,0
8,628331.5,5459955,4,0,1,1,0,Genetic_input/BT_randallele20.csv;Genetic_input/DV_randallele20.csv,Classvars_BT.csv;Classvars_DV.csv,0,0,0,0,0,0,0,N,1,7.218683624,0,289,0,10.1409996,0,76,0,1,1,0,0,0,0,0,0,0,0,0,0,0,0,0,0,0
9,628946.3,5459507,178,0,45,1,0,Genetic_input/BT_randallele20.csv;Genetic_input/DV_randallele20.csv,Classvars_BT.csv;Classvars_DV.csv,0,0,0,0,0,0,0,N,1,7.141316223,0,289,0,10.07099991,0,76,0,1,1,0,0,0,0,0,0,0,0,0,0,0,0,0,0,0
10,651582.9,5458706,424,0,106,1,0,Genetic_input/BT_randallele20.csv;Genetic_input/DV_randallele20.csv,Classvars_BT.csv;Classvars_DV.csv,0,0,0,0,0,0,0,N,1,6.284737396,0,289,0,9.391999817,0,76,0,1,1,0,0,0,0,0,0,0,0,0,0,0,0,0,0,0
11,652931.1,5459486,41,0,10,1,0,Genetic_input/BT_randallele20.csv;Genetic_input/DV_randallele20.csv,Classvars_BT.csv;Classvars_DV.csv,0,0,0,0,0,0,0,N,1,6.257105255,0,289,0,9.371000671,0,76,0,1,1,0,0,0,0,0,0,0,0,0,0,0,0,0,0,0
12,628278.2,5458699,667,0,167,1,0,Genetic_input/BT_randallele20.csv;Genetic_input/DV_randallele20.csv,Classvars_BT.csv;Classvars_DV.csv,0,0,0,0,0,0,0,N,1,7.106315613,0,289,0,10.00799942,0,76,0,1,1,0,0,0,0,0,0,0,0,0,0,0,0,0,0,0
13,632124.1,5458280,117,0,29,1,0,Genetic_input/BT_randallele20.csv;Genetic_input/DV_randallele20.csv,Classvars_BT.csv;Classvars_DV.csv,0,0,0,0,0,0,0,N,1,6.680789185,0,289,0,9.665000153,0,76,0,1,1,0,0,0,0,0,0,0,0,0,0,0,0,0,0,0
14,634802.4,5457857,411,0,103,1,0,Genetic_input/BT_randallele20.csv;Genetic_input/DV_randallele20.csv,Classvars_BT.csv;Classvars_DV.csv,0,0,0,0,0,0,0,N,1,6.257105255,0,289,0,9.272999573,0,76,0,1,1,0,0,0,0,0,0,0,0,0,0,0,0,0,0,0
15,629413.8,5458782,52,0,13,1,0,Genetic_input/BT_randallele20.csv;Genetic_input/DV_randallele20.csv,Classvars_BT.csv;Classvars_DV.csv,0,0,0,0,0,0,0,N,1,7.218684387,0,289,0,10.1409996,0,76,0,1,1,0,0,0,0,0,0,0,0,0,0,0,0,0,0,0
16,630582.9,5458154,561,0,140,1,0,Genetic_input/BT_randallele20.csv;Genetic_input/DV_randallele20.csv,Classvars_BT.csv;Classvars_DV.csv,0,0,0,0,0,0,0,N,1,7.240789795,0,289,0,10.1409996,0,76,0,1,1,0,0,0,0,0,0,0,0,0,0,0,0,0,0,0
17,643994.1,5458000,116,0,29,1,0,Genetic_input/BT_randallele20.csv;Genetic_input/DV_randallele20.csv,Classvars_BT.csv;Classvars_DV.csv,0,0,0,0,0,0,0,N,1,6.071052551,0,289,0,9.153999329,0,76,0,1,1,0,0,0,0,0,0,0,0,0,0,0,0,0,0,0
18,650576.1,5456624,385,0,96,1,0,Genetic_input/BT_randallele20.csv;Genetic_input/DV_randallele20.csv,Classvars_BT.csv;Classvars_DV.csv,0,0,0,0,0,0,0,N,1,6.535263824,0,289,0,9.630000305,0,76,0,1,1,0,0,0,0,0,0,0,0,0,0,0,0,0,0,0
19,644211.4,5456918,103,0,26,1,0,Genetic_input/BT_randallele20.csv;Genetic_input/DV_randallele20.csv,Classvars_BT.csv;Classvars_DV.csv,0,0,0,0,0,0,0,N,1,5.848157501,0,289,0,8.922999573,0,76,0,1,1,0,0,0,0,0,0,0,0,0,0,0,0,0,0,0
20,642960.1,5457032,128,0,32,1,0,Genetic_input/BT_randallele20.csv;Genetic_input/DV_randallele20.csv,Classvars_BT.csv;Classvars_DV.csv,0,0,0,0,0,0,0,N,1,6.271842194,0,289,0,9.315000153,0,76,0,1,1,0,0,0,0,0,0,0,0,0,0,0,0,0,0,0
21,626516.5,5456604,288,0,72,1,0,Genetic_input/BT_randallele20.csv;Genetic_input/DV_randallele20.csv,Classvars_BT.csv;Classvars_DV.csv,0,0,0,0,0,0,0,N,1,5.861052322,0,289,0,8.818000031,0,76,0,1,1,0,0,0,0,0,0,0,0,0,0,0,0,0,0,0
22,628166.5,5455986,333,0,83,1,0,Genetic_input/BT_randallele20.csv;Genetic_input/DV_randallele20.csv,Classvars_BT.csv;Classvars_DV.csv,0,0,0,0,0,0,0,N,1,6.835526276,0,289,0,9.790999603,0,76,0,1,1,0,0,0,0,0,0,0,0,0,0,0,0,0,0,0
23,641655.8,5455329,423,0,106,1,0,Genetic_input/BT_randallele20.csv;Genetic_input/DV_randallele20.csv,Classvars_BT.csv;Classvars_DV.csv,0,0,0,0,0,0,0,N,1,6.771052551,0,289,0,9.797999573,0,76,0,1,1,0,0,0,0,0,0,0,0,0,0,0,0,0,0,0
24,632378.9,5456625,586,0,147,1,0,Genetic_input/BT_randallele20.csv;Genetic_input/DV_randallele20.csv,Classvars_BT.csv;Classvars_DV.csv,0,0,0,0,0,0,0,N,1,7.264736938,0,289,0,10.20400009,0,76,0,1,1,0,0,0,0,0,0,0,0,0,0,0,0,0,0,0
25,634242.8,5455888,420,0,105,1,0,Genetic_input/BT_randallele20.csv;Genetic_input/DV_randallele20.csv,Classvars_BT.csv;Classvars_DV.csv,0,0,0,0,0,0,0,N,1,6.774737549,0,289,0,9.769999695,0,76,0,1,1,0,0,0,0,0,0,0,0,0,0,0,0,0,0,0
26,650894.3,5455868,273,0,68,1,0,Genetic_input/BT_randallele20.csv;Genetic_input/DV_randallele20.csv,Classvars_BT.csv;Classvars_DV.csv,0,0,0,0,0,0,0,N,1,6.38789444,0,289,0,9.48999939,0,76,0,1,1,0,0,0,0,0,0,0,0,0,0,0,0,0,0,0
27,647877,5453597,1313,0,328,1,0,Genetic_input/BT_randallele20.csv;Genetic_input/DV_randallele20.csv,Classvars_BT.csv;Classvars_DV.csv,0,0,0,0,0,0,0,N,1,6.647631836,0,289,0,9.721000671,0,76,0,1,1,0,0,0,0,0,0,0,0,0,0,0,0,0,0,0
28,635917.1,5455572,430,0,108,1,0,Genetic_input/BT_randallele20.csv;Genetic_input/DV_randallele20.csv,Classvars_BT.csv;Classvars_DV.csv,0,0,0,0,0,0,0,N,1,7.233420563,0,289,0,10.18300018,0,76,0,1,1,0,0,0,0,0,0,0,0,0,0,0,0,0,0,0
29,652847.3,5455205,140,0,35,1,0,Genetic_input/BT_randallele20.csv;Genetic_input/DV_randallele20.csv,Classvars_BT.csv;Classvars_DV.csv,0,0,0,0,0,0,0,N,1,5.86289444,0,289,0,8.965000153,0,76,0,1,1,0,0,0,0,0,0,0,0,0,0,0,0,0,0,0
30,638694.4,5453886,1297,0,324,1,0,Genetic_input/BT_randallele20.csv;Genetic_input/DV_randallele20.csv,Classvars_BT.csv;Classvars_DV.csv,0,0,0,0,0,0,0,N,1,7.082367706,0,289,0,10.04300003,0,76,0,1,1,0,0,0,0,0,0,0,0,0,0,0,0,0,0,0
31,627446.8,5454073,175,0,44,1,0,Genetic_input/BT_randallele20.csv;Genetic_input/DV_randallele20.csv,Classvars_BT.csv;Classvars_DV.csv,0,0,0,0,0,0,0,N,1,6.325263596,0,289,0,9.294000244,0,76,0,1,1,0,0,0,0,0,0,0,0,0,0,0,0,0,0,0
32,628365.6,5454693,79,0,20,1,0,Genetic_input/BT_randallele20.csv;Genetic_input/DV_randallele20.csv,Classvars_BT.csv;Classvars_DV.csv,0,0,0,0,0,0,0,N,1,6.811578369,0,289,0,9.755999756,0,76,0,1,1,0,0,0,0,0,0,0,0,0,0,0,0,0,0,0
33,630305.9,5453944,368,0,92,1,0,Genetic_input/BT_randallele20.csv;Genetic_input/DV_randallele20.csv,Classvars_BT.csv;Classvars_DV.csv,0,0,0,0,0,0,0,N,1,5.931052017,0,289,0,8.901999664,0,76,0,1,1,0,0,0,0,0,0,0,0,0,0,0,0,0,0,0
34,628249.1,5453046,338,0,85,1,0,Genetic_input/BT_randallele20.csv;Genetic_input/DV_randallele20.csv,Classvars_BT.csv;Classvars_DV.csv,0,0,0,0,0,0,0,N,1,6.789472961,0,289,0,9.741999817,0,76,0,1,1,0,0,0,0,0,0,0,0,0,0,0,0,0,0,0
35,643596,5453405,1512,0,378,1,0,Genetic_input/BT_randallele20.csv;Genetic_input/DV_randallele20.csv,Classvars_BT.csv;Classvars_DV.csv,0,0,0,0,0,0,0,N,1,6.527895355,0,289,0,9.587998962,0,76,0,1,1,0,0,0,0,0,0,0,0,0,0,0,0,0,0,0
36,640670.3,5452824,733,0,183,1,0,Genetic_input/BT_randallele20.csv;Genetic_input/DV_randallele20.csv,Classvars_BT.csv;Classvars_DV.csv,0,0,0,0,0,0,0,N,1,7.163421631,0,289,0,10.15500031,0,76,0,1,1,0,0,0,0,0,0,0,0,0,0,0,0,0,0,0
37,640038.4,5451451,410,0,103,1,0,Genetic_input/BT_randallele20.csv;Genetic_input/DV_randallele20.csv,Classvars_BT.csv;Classvars_DV.csv,0,0,0,0,0,0,0,N,1,7.314473724,0,289,0,10.26699982,0,76,0,1,1,0,0,0,0,0,0,0,0,0,0,0,0,0,0,0
38,646892.6,5451271,592,0,148,1,0,Genetic_input/BT_randallele20.csv;Genetic_input/DV_randallele20.csv,Classvars_BT.csv;Classvars_DV.csv,0,0,0,0,0,0,0,N,1,6.804210663,0,289,0,9.868000031,0,76,0,1,1,0,0,0,0,0,0,0,0,0,0,0,0,0,0,0
39,627119.4,5451278,131,0,33,1,0,Genetic_input/BT_randallele20.csv;Genetic_input/DV_randallele20.csv,Classvars_BT.csv;Classvars_DV.csv,0,0,0,0,0,0,0,N,1,6.444999695,0,289,0,9.398999786,0,76,0,1,1,0,0,0,0,0,0,0,0,0,0,0,0,0,0,0
40,628299.2,5450626,201,0,50,1,0,Genetic_input/BT_randallele20.csv;Genetic_input/DV_randallele20.csv,Classvars_BT.csv;Classvars_DV.csv,0,0,0,0,0,0,0,N,1,6.513158417,0,289,0,9.447999573,0,76,0,1,1,0,0,0,0,0,0,0,0,0,0,0,0,0,0,0
41,641225.3,5450487,194,0,49,1,0,Genetic_input/BT_randallele20.csv;Genetic_input/DV_randallele20.csv,Classvars_BT.csv;Classvars_DV.csv,0,0,0,0,0,0,0,N,1,5.599473953,0,289,0,8.622000122,0,76,0,1,1,0,0,0,0,0,0,0,0,0,0,0,0,0,0,0
42,639537.9,5450096,1079,0,270,1,0,Genetic_input/BT_randallele20.csv;Genetic_input/DV_randallele20.csv,Classvars_BT.csv;Classvars_DV.csv,0,0,0,0,0,0,0,N,1,7.305263519,0,289,0,10.25999985,0,76,0,1,1,0,0,0,0,0,0,0,0,0,0,0,0,0,0,0
43,646579.8,5449639,199,0,50,1,0,Genetic_input/BT_randallele20.csv;Genetic_input/DV_randallele20.csv,Classvars_BT.csv;Classvars_DV.csv,0,0,0,0,0,0,0,N,1,5.97894783,0,289,0,9.055999756,0,76,0,1,1,0,0,0,0,0,0,0,0,0,0,0,0,0,0,0
44,648312.8,5449244,412,0,103,1,0,Genetic_input/BT_randallele20.csv;Genetic_input/DV_randallele20.csv,Classvars_BT.csv;Classvars_DV.csv,0,0,0,0,0,0,0,N,1,6.461578369,0,289,0,9.546000671,0,76,0,1,1,0,0,0,0,0,0,0,0,0,0,0,0,0,0,0
45,628087.6,5448959,106,0,27,1,0,Genetic_input/BT_randallele20.csv;Genetic_input/DV_randallele20.csv,Classvars_BT.csv;Classvars_DV.csv,0,0,0,0,0,0,0,N,1,6.172369003,0,289,0,9.146999359,0,76,0,1,1,0,0,0,0,0,0,0,0,0,0,0,0,0,0,0
46,628980.4,5449322,62,0,16,1,0,Genetic_input/BT_randallele20.csv;Genetic_input/DV_randallele20.csv,Classvars_BT.csv;Classvars_DV.csv,0,0,0,0,0,0,0,N,1,5.943947983,0,289,0,8.923000336,0,76,0,1,1,0,0,0,0,0,0,0,0,0,0,0,0,0,0,0
47,650852.9,5448199,161,0,40,1,0,Genetic_input/BT_randallele20.csv;Genetic_input/DV_randallele20.csv,Classvars_BT.csv;Classvars_DV.csv,0,0,0,0,0,0,0,N,1,6.18710556,0,289,0,9.300999451,0,76,0,1,1,0,0,0,0,0,0,0,0,0,0,0,0,0,0,0
48,637623.4,5448070,1381,0,345,1,0,Genetic_input/BT_randallele20.csv;Genetic_input/DV_randallele20.csv,Classvars_BT.csv;Classvars_DV.csv,0,0,0,0,0,0,0,N,1,7.3457901,0,289,0,10.28800049,0,76,0,1,1,0,0,0,0,0,0,0,0,0,0,0,0,0,0,0
49,635242,5448553,400,0,100,1,0,Genetic_input/BT_randallele20.csv;Genetic_input/DV_randallele20.csv,Classvars_BT.csv;Classvars_DV.csv,0,0,0,0,0,0,0,N,1,6.229472733,0,289,0,9.237999725,0,76,0,1,1,0,0,0,0,0,0,0,0,0,0,0,0,0,0,0
50,648837.3,5448060,45,0,11,1,0,Genetic_input/BT_randallele20.csv;Genetic_input/DV_randallele20.csv,Classvars_BT.csv;Classvars_DV.csv,0,0,0,0,0,0,0,N,1,6.448683929,0,289,0,9.525,0,76,0,1,1,0,0,0,0,0,0,0,0,0,0,0,0,0,0,0
51,649535.5,5447942,199,0,50,1,0,Genetic_input/BT_randallele20.csv;Genetic_input/DV_randallele20.csv,Classvars_BT.csv;Classvars_DV.csv,0,0,0,0,0,0,0,N,1,6.538947296,0,289,0,9.644000244,0,76,0,1,1,0,0,0,0,0,0,0,0,0,0,0,0,0,0,0
52,640466.4,5447186,637,0,159,1,0,Genetic_input/BT_randallele20.csv;Genetic_input/DV_randallele20.csv,Classvars_BT.csv;Classvars_DV.csv,0,0,0,0,0,0,0,N,1,6.65868454,0,289,0,9.679000092,0,76,0,1,1,0,0,0,0,0,0,0,0,0,0,0,0,0,0,0
53,650080.2,5447592,6,0,2,1,0,Genetic_input/BT_randallele20.csv;Genetic_input/DV_randallele20.csv,Classvars_BT.csv;Classvars_DV.csv,0,0,0,0,0,0,0,N,1,6.476316071,0,289,0,9.573999786,0,76,0,1,1,0,0,0,0,0,0,0,0,0,0,0,0,0,0,0
54,649720.3,5446464,184,0,46,1,0,Genetic_input/BT_randallele20.csv;Genetic_input/DV_randallele20.csv,Classvars_BT.csv;Classvars_DV.csv,0,0,0,0,0,0,0,N,1,6.246052551,0,289,0,9.343000031,0,76,0,1,1,0,0,0,0,0,0,0,0,0,0,0,0,0,0,0
55,652357.1,5446699,628,0,157,1,0,Genetic_input/BT_randallele20.csv;Genetic_input/DV_randallele20.csv,Classvars_BT.csv;Classvars_DV.csv,0,0,0,0,0,0,0,N,1,6.190789413,0,289,0,9.300999451,0,76,0,1,1,0,0,0,0,0,0,0,0,0,0,0,0,0,0,0
56,636170,5446717,342,0,86,1,0,Genetic_input/BT_randallele20.csv;Genetic_input/DV_randallele20.csv,Classvars_BT.csv;Classvars_DV.csv,0,0,0,0,0,0,0,N,1,7.03999939,0,289,0,9.980000305,0,76,0,1,1,0,0,0,0,0,0,0,0,0,0,0,0,0,0,0
57,635120,5445788,961,0,240,1,0,Genetic_input/BT_randallele20.csv;Genetic_input/DV_randallele20.csv,Classvars_BT.csv;Classvars_DV.csv,0,0,0,0,0,0,0,N,1,7.251842499,0,289,0,10.16899948,0,76,0,1,1,0,0,0,0,0,0,0,0,0,0,0,0,0,0,0
58,633635.7,5445858,138,0,35,1,0,Genetic_input/BT_randallele20.csv;Genetic_input/DV_randallele20.csv,Classvars_BT.csv;Classvars_DV.csv,0,0,0,0,0,0,0,N,1,6.782104492,0,289,0,9.727999878,0,76,0,1,1,0,0,0,0,0,0,0,0,0,0,0,0,0,0,0
59,637259.9,5445807,224,0,56,1,0,Genetic_input/BT_randallele20.csv;Genetic_input/DV_randallele20.csv,Classvars_BT.csv;Classvars_DV.csv,0,0,0,0,0,0,0,N,1,6.152105331,0,289,0,9.181999207,0,76,0,1,1,0,0,0,0,0,0,0,0,0,0,0,0,0,0,0
60,623345.1,5445163,36,0,9,1,0,Genetic_input/BT_randallele20.csv;Genetic_input/DV_randallele20.csv,Classvars_BT.csv;Classvars_DV.csv,0,0,0,0,0,0,0,N,1,7.406578827,0,289,0,10.22499924,0,76,0,1,1,0,0,0,0,0,0,0,0,0,0,0,0,0,0,0
61,628743,5444284,127,0,32,1,0,Genetic_input/BT_randallele20.csv;Genetic_input/DV_randallele20.csv,Classvars_BT.csv;Classvars_DV.csv,0,0,0,0,0,0,0,N,1,7.35868454,0,289,0,10.23899994,0,76,0,1,1,0,0,0,0,0,0,0,0,0,0,0,0,0,0,0
62,651432.5,5443910,517,0,129,1,0,Genetic_input/BT_randallele20.csv;Genetic_input/DV_randallele20.csv,Classvars_BT.csv;Classvars_DV.csv,0,0,0,0,0,0,0,N,1,5.982632065,0,289,0,9.097999573,0,76,0,1,1,0,0,0,0,0,0,0,0,0,0,0,0,0,0,0
63,633540.2,5443355,1636,0,409,1,0,Genetic_input/BT_randallele20.csv;Genetic_input/DV_randallele20.csv,Classvars_BT.csv;Classvars_DV.csv,0,0,0,0,0,0,0,N,1,7.452631378,0,289,0,10.33000031,0,76,0,1,1,0,0,0,0,0,0,0,0,0,0,0,0,0,0,0
64,622818.1,5443711,362,0,91,1,0,Genetic_input/BT_randallele20.csv;Genetic_input/DV_randallele20.csv,Classvars_BT.csv;Classvars_DV.csv,0,0,0,0,0,0,0,N,1,7.041841888,0,289,0,9.916999817,0,76,0,1,1,0,0,0,0,0,0,0,0,0,0,0,0,0,0,0
65,624671.9,5444068,44,0,11,1,0,Genetic_input/BT_randallele20.csv;Genetic_input/DV_randallele20.csv,Classvars_BT.csv;Classvars_DV.csv,0,0,0,0,0,0,0,N,1,7.384474182,0,289,0,10.22499924,0,76,0,1,1,0,0,0,0,0,0,0,0,0,0,0,0,0,0,0
66,624011.2,5444428,168,0,42,1,0,Genetic_input/BT_randallele20.csv;Genetic_input/DV_randallele20.csv,Classvars_BT.csv;Classvars_DV.csv,0,0,0,0,0,0,0,N,1,7.447105408,0,289,0,10.25299911,0,76,0,1,1,0,0,0,0,0,0,0,0,0,0,0,0,0,0,0
67,626540.3,5443147,902,0,226,1,0,Genetic_input/BT_randallele20.csv;Genetic_input/DV_randallele20.csv,Classvars_BT.csv;Classvars_DV.csv,0,0,0,0,0,0,0,N,1,7.474736023,0,289,0,10.3159996,0,76,0,1,1,0,0,0,0,0,0,0,0,0,0,0,0,0,0,0
68,627474,5440921,1177,0,294,1,0,Genetic_input/BT_randallele20.csv;Genetic_input/DV_randallele20.csv,Classvars_BT.csv;Classvars_DV.csv,0,0,0,0,0,0,0,N,1,6.677105713,0,289,0,9.580999756,0,76,0,1,1,0,0,0,0,0,0,0,0,0,0,0,0,0,0,0
69,629033,5443192,55,0,14,1,0,Genetic_input/BT_randallele20.csv;Genetic_input/DV_randallele20.csv,Classvars_BT.csv;Classvars_DV.csv,0,0,0,0,0,0,0,N,1,7.491314697,0,289,0,10.33699951,0,76,0,1,1,0,0,0,0,0,0,0,0,0,0,0,0,0,0,0
70,630568,5443045,656,0,164,1,0,Genetic_input/BT_randallele20.csv;Genetic_input/DV_randallele20.csv,Classvars_BT.csv;Classvars_DV.csv,0,0,0,0,0,0,0,N,1,7.340262604,0,289,0,10.19699936,0,76,0,1,1,0,0,0,0,0,0,0,0,0,0,0,0,0,0,0
71,631149.3,5441566,277,0,69,1,0,Genetic_input/BT_randallele20.csv;Genetic_input/DV_randallele20.csv,Classvars_BT.csv;Classvars_DV.csv,0,0,0,0,0,0,0,N,1,7.128420258,0,289,0,10.00799942,0,76,0,1,1,0,0,0,0,0,0,0,0,0,0,0,0,0,0,0
72,632868.9,5442308,642,0,161,1,0,Genetic_input/BT_randallele20.csv;Genetic_input/DV_randallele20.csv,Classvars_BT.csv;Classvars_DV.csv,0,0,0,0,0,0,0,N,1,7.417632294,0,289,0,10.29499969,0,76,0,1,1,0,0,0,0,0,0,0,0,0,0,0,0,0,0,0
73,638125.2,5441533,506,0,127,1,0,Genetic_input/BT_randallele20.csv;Genetic_input/DV_randallele20.csv,Classvars_BT.csv;Classvars_DV.csv,0,0,0,0,0,0,0,N,1,6.627368164,0,289,0,9.630000305,0,76,0,1,1,0,0,0,0,0,0,0,0,0,0,0,0,0,0,0
74,622917.8,5441437,88,0,22,1,0,Genetic_input/BT_randallele20.csv;Genetic_input/DV_randallele20.csv,Classvars_BT.csv;Classvars_DV.csv,0,0,0,0,0,0,0,N,1,6.535263824,0,289,0,9.461999512,0,76,0,1,1,0,0,0,0,0,0,0,0,0,0,0,0,0,0,0
75,623416.6,5439953,353,0,88,1,0,Genetic_input/BT_randallele20.csv;Genetic_input/DV_randallele20.csv,Classvars_BT.csv;Classvars_DV.csv,0,0,0,0,0,0,0,N,1,6.13184166,0,289,0,9.049000549,0,76,0,1,1,0,0,0,0,0,0,0,0,0,0,0,0,0,0,0
76,635977,5440811,96,0,24,1,0,Genetic_input/BT_randallele20.csv;Genetic_input/DV_randallele20.csv,Classvars_BT.csv;Classvars_DV.csv,0,0,0,0,0,0,0,N,1,7.504210663,0,289,0,10.37199936,0,76,0,1,1,0,0,0,0,0,0,0,0,0,0,0,0,0,0,0
77,635299.8,5441303,1243,0,311,1,0,Genetic_input/BT_randallele20.csv;Genetic_input/DV_randallele20.csv,Classvars_BT.csv;Classvars_DV.csv,0,0,0,0,0,0,0,N,1,7.489473724,0,289,0,10.35799942,0,76,0,1,1,0,0,0,0,0,0,0,0,0,0,0,0,0,0,0
78,647124.9,5439920,56,0,14,1,0,Genetic_input/BT_randallele20.csv;Genetic_input/DV_randallele20.csv,Classvars_BT.csv;Classvars_DV.csv,0,0,0,0,0,0,0,N,1,6.091315842,0,289,0,9.161000061,0,76,0,1,1,0,0,0,0,0,0,0,0,0,0,0,0,0,0,0
79,636226.6,5439480,685,0,171,1,0,Genetic_input/BT_randallele20.csv;Genetic_input/DV_randallele20.csv,Classvars_BT.csv;Classvars_DV.csv,0,0,0,0,0,0,0,N,1,7.507894897,0,289,0,10.38600006,0,76,0,1,1,0,0,0,0,0,0,0,0,0,0,0,0,0,0,0
80,641410.4,5437538,1607,0,402,1,0,Genetic_input/BT_randallele20.csv;Genetic_input/DV_randallele20.csv,Classvars_BT.csv;Classvars_DV.csv,0,0,0,0,0,0,0,N,1,6.684473419,0,289,0,9.721000671,0,76,0,1,1,0,0,0,0,0,0,0,0,0,0,0,0,0,0,0
81,645365.5,5439833,235,0,59,1,0,Genetic_input/BT_randallele20.csv;Genetic_input/DV_randallele20.csv,Classvars_BT.csv;Classvars_DV.csv,0,0,0,0,0,0,0,N,1,6.518684387,0,289,0,9.566999817,0,76,0,1,1,0,0,0,0,0,0,0,0,0,0,0,0,0,0,0
82,646441,5439563,63,0,16,1,0,Genetic_input/BT_randallele20.csv;Genetic_input/DV_randallele20.csv,Classvars_BT.csv;Classvars_DV.csv,0,0,0,0,0,0,0,N,1,6.452368164,0,289,0,9.511000061,0,76,0,1,1,0,0,0,0,0,0,0,0,0,0,0,0,0,0,0
83,645992.9,5438201,389,0,97,1,0,Genetic_input/BT_randallele20.csv;Genetic_input/DV_randallele20.csv,Classvars_BT.csv;Classvars_DV.csv,0,0,0,0,0,0,0,N,1,6.398947525,0,289,0,9.447999573,0,76,0,1,1,0,0,0,0,0,0,0,0,0,0,0,0,0,0,0
84,647271.5,5439150,56,0,14,1,0,Genetic_input/BT_randallele20.csv;Genetic_input/DV_randallele20.csv,Classvars_BT.csv;Classvars_DV.csv,0,0,0,0,0,0,0,N,1,6.056315613,0,289,0,9.140000153,0,76,0,1,1,0,0,0,0,0,0,0,0,0,0,0,0,0,0,0
85,637687.3,5438610,81,0,20,1,0,Genetic_input/BT_randallele20.csv;Genetic_input/DV_randallele20.csv,Classvars_BT.csv;Classvars_DV.csv,0,0,0,0,0,0,0,N,1,7.509736633,0,289,0,10.39299927,0,76,0,1,1,0,0,0,0,0,0,0,0,0,0,0,0,0,0,0
86,637886.6,5437916,45,0,11,1,0,Genetic_input/BT_randallele20.csv;Genetic_input/DV_randallele20.csv,Classvars_BT.csv;Classvars_DV.csv,0,0,0,0,0,0,0,N,1,7.561315918,0,289,0,10.43499985,0,76,0,1,1,0,0,0,0,0,0,0,0,0,0,0,0,0,0,0
87,637430.9,5438531,744,0,186,1,0,Genetic_input/BT_randallele20.csv;Genetic_input/DV_randallele20.csv,Classvars_BT.csv;Classvars_DV.csv,0,0,0,0,0,0,0,N,1,7.522631073,0,289,0,10.4,0,76,0,1,1,0,0,0,0,0,0,0,0,0,0,0,0,0,0,0
88,633613.8,5436598,1172,0,293,1,0,Genetic_input/BT_randallele20.csv;Genetic_input/DV_randallele20.csv,Classvars_BT.csv;Classvars_DV.csv,0,0,0,0,0,0,0,N,1,6.551841736,0,289,0,9.525,0,76,0,1,1,0,0,0,0,0,0,0,0,0,0,0,0,0,0,0
89,637749.9,5437711,140,0,35,1,0,Genetic_input/BT_randallele20.csv;Genetic_input/DV_randallele20.csv,Classvars_BT.csv;Classvars_DV.csv,0,0,0,0,0,0,0,N,1,7.561315918,0,289,0,10.43499985,0,76,0,1,1,0,0,0,0,0,0,0,0,0,0,0,0,0,0,0
90,637707.3,5437196,356,0,89,1,0,Genetic_input/BT_randallele20.csv;Genetic_input/DV_randallele20.csv,Classvars_BT.csv;Classvars_DV.csv,0,0,0,0,0,0,0,N,1,7.533683777,0,289,0,10.42800064,0,76,0,1,1,0,0,0,0,0,0,0,0,0,0,0,0,0,0,0
91,626289.5,5436688,128,0,32,1,0,Genetic_input/BT_randallele20.csv;Genetic_input/DV_randallele20.csv,Classvars_BT.csv;Classvars_DV.csv,0,0,0,0,0,0,0,N,1,6.174210358,0,289,0,9.125999451,0,76,0,1,1,0,0,0,0,0,0,0,0,0,0,0,0,0,0,0
92,627290.5,5435641,442,0,111,1,0,Genetic_input/BT_randallele20.csv;Genetic_input/DV_randallele20.csv,Classvars_BT.csv;Classvars_DV.csv,0,0,0,0,0,0,0,N,1,6.345526505,0,289,0,9.329000092,0,76,0,1,1,0,0,0,0,0,0,0,0,0,0,0,0,0,0,0
93,646802.3,5436847,44,0,11,1,0,Genetic_input/BT_randallele20.csv;Genetic_input/DV_randallele20.csv,Classvars_BT.csv;Classvars_DV.csv,0,0,0,0,0,0,0,N,1,6.338158035,0,289,0,9.412998962,0,76,0,1,1,0,0,0,0,0,0,0,0,0,0,0,0,0,0,0
94,649082.7,5436923,543,0,136,1,0,Genetic_input/BT_randallele20.csv;Genetic_input/DV_randallele20.csv,Classvars_BT.csv;Classvars_DV.csv,0,0,0,0,0,0,0,N,1,6.222105789,0,289,0,9.294000244,0,76,0,1,1,0,0,0,0,0,0,0,0,0,0,0,0,0,0,0
95,637492.9,5436608,270,0,68,1,0,Genetic_input/BT_randallele20.csv;Genetic_input/DV_randallele20.csv,Classvars_BT.csv;Classvars_DV.csv,0,0,0,0,0,0,0,N,1,7.529999542,0,289,0,10.4,0,76,0,1,1,0,0,0,0,0,0,0,0,0,0,0,0,0,0,0
96,651183.7,5435579,179,0,45,1,0,Genetic_input/BT_randallele20.csv;Genetic_input/DV_randallele20.csv,Classvars_BT.csv;Classvars_DV.csv,0,0,0,0,0,0,0,N,1,5.739473724,0,289,0,8.845999908,0,76,0,1,1,0,0,0,0,0,0,0,0,0,0,0,0,0,0,0
97,635253.4,5434711,800,0,200,1,0,Genetic_input/BT_randallele20.csv;Genetic_input/DV_randallele20.csv,Classvars_BT.csv;Classvars_DV.csv,0,0,0,0,0,0,0,N,1,6.850263214,0,289,0,9.790999603,0,76,0,1,1,0,0,0,0,0,0,0,0,0,0,0,0,0,0,0
98,638142.7,5436010,1081,0,270,1,0,Genetic_input/BT_randallele20.csv;Genetic_input/DV_randallele20.csv,Classvars_BT.csv;Classvars_DV.csv,0,0,0,0,0,0,0,N,1,7.565000153,0,289,0,10.43499985,0,76,0,1,1,0,0,0,0,0,0,0,0,0,0,0,0,0,0,0
99,638803.7,5434356,772,0,193,1,0,Genetic_input/BT_randallele20.csv;Genetic_input/DV_randallele20.csv,Classvars_BT.csv;Classvars_DV.csv,0,0,0,0,0,0,0,N,1,7.574210358,0,289,0,10.46999969,0,76,0,1,1,0,0,0,0,0,0,0,0,0,0,0,0,0,0,0
100,657054.6,5434786,239,0,60,1,0,Genetic_input/BT_randallele20.csv;Genetic_input/DV_randallele20.csv,Classvars_BT.csv;Classvars_DV.csv,0,0,0,0,0,0,0,N,1,6.089473724,0,289,0,9.223999786,0,76,0,1,1,0,0,0,0,0,0,0,0,0,0,0,0,0,0,0
101,639831.8,5434097,85,0,21,1,0,Genetic_input/BT_randallele20.csv;Genetic_input/DV_randallele20.csv,Classvars_BT.csv;Classvars_DV.csv,0,0,0,0,0,0,0,N,1,7.568684387,0,289,0,10.46300049,0,76,0,1,1,0,0,0,0,0,0,0,0,0,0,0,0,0,0,0
102,638094.3,5433604,174,0,44,1,0,Genetic_input/BT_randallele20.csv;Genetic_input/DV_randallele20.csv,Classvars_BT.csv;Classvars_DV.csv,0,0,0,0,0,0,0,N,1,6.656842041,0,289,0,9.643999481,0,76,0,1,1,0,0,0,0,0,0,0,0,0,0,0,0,0,0,0
103,654749.7,5433926,201,0,50,1,0,Genetic_input/BT_randallele20.csv;Genetic_input/DV_randallele20.csv,Classvars_BT.csv;Classvars_DV.csv,0,0,0,0,0,0,0,N,1,5.892367935,0,289,0,9.021000671,0,76,0,1,1,0,0,0,0,0,0,0,0,0,0,0,0,0,0,0
104,626754.3,5433718,81,0,20,1,0,Genetic_input/BT_randallele20.csv;Genetic_input/DV_randallele20.csv,Classvars_BT.csv;Classvars_DV.csv,0,0,0,0,0,0,0,N,1,6.113420105,0,289,0,9.076999664,0,76,0,1,1,0,0,0,0,0,0,0,0,0,0,0,0,0,0,0
105,627537.4,5432602,279,0,70,1,0,Genetic_input/BT_randallele20.csv;Genetic_input/DV_randallele20.csv,Classvars_BT.csv;Classvars_DV.csv,0,0,0,0,0,0,0,N,1,6.144736862,0,289,0,9.098000336,0,76,0,1,1,0,0,0,0,0,0,0,0,0,0,0,0,0,0,0
106,655956.4,5432902,109,0,27,1,0,Genetic_input/BT_randallele20.csv;Genetic_input/DV_randallele20.csv,Classvars_BT.csv;Classvars_DV.csv,0,0,0,0,0,0,0,N,1,5.479737091,0,289,0,8.587000275,0,76,0,1,1,0,0,0,0,0,0,0,0,0,0,0,0,0,0,0
107,654067.9,5431430,375,0,94,1,0,Genetic_input/BT_randallele20.csv;Genetic_input/DV_randallele20.csv,Classvars_BT.csv;Classvars_DV.csv,0,0,0,0,0,0,0,N,1,5.606842422,0,289,0,8.705999756,0,76,0,1,1,0,0,0,0,0,0,0,0,0,0,0,0,0,0,0
108,639482.5,5433324,855,0,214,1,0,Genetic_input/BT_randallele20.csv;Genetic_input/DV_randallele20.csv,Classvars_BT.csv;Classvars_DV.csv,0,0,0,0,0,0,0,N,1,7.58710556,0,289,0,10.46300049,0,76,0,1,1,0,0,0,0,0,0,0,0,0,0,0,0,0,0,0
109,640525.1,5433139,601,0,150,1,0,Genetic_input/BT_randallele20.csv;Genetic_input/DV_randallele20.csv,Classvars_BT.csv;Classvars_DV.csv,0,0,0,0,0,0,0,N,1,7.594473267,0,289,0,10.4909996,0,76,0,1,1,0,0,0,0,0,0,0,0,0,0,0,0,0,0,0
110,640770.4,5432884,16,0,4,1,0,Genetic_input/BT_randallele20.csv;Genetic_input/DV_randallele20.csv,Classvars_BT.csv;Classvars_DV.csv,0,0,0,0,0,0,0,N,1,7.574210358,0,289,0,10.46999969,0,76,0,1,1,0,0,0,0,0,0,0,0,0,0,0,0,0,0,0
111,640941,5432850,45,0,11,1,0,Genetic_input/BT_randallele20.csv;Genetic_input/DV_randallele20.csv,Classvars_BT.csv;Classvars_DV.csv,0,0,0,0,0,0,0,N,1,7.574210358,0,289,0,10.46999969,0,76,0,1,1,0,0,0,0,0,0,0,0,0,0,0,0,0,0,0
112,641114.3,5432624,242,0,61,1,0,Genetic_input/BT_randallele20.csv;Genetic_input/DV_randallele20.csv,Classvars_BT.csv;Classvars_DV.csv,0,0,0,0,0,0,0,N,1,7.574210358,0,289,0,10.46999969,0,76,0,1,1,0,0,0,0,0,0,0,0,0,0,0,0,0,0,0
113,641176.5,5432250,203,0,51,1,0,Genetic_input/BT_randallele20.csv;Genetic_input/DV_randallele20.csv,Classvars_BT.csv;Classvars_DV.csv,0,0,0,0,0,0,0,N,1,7.574210358,0,289,0,10.46999969,0,76,0,1,1,0,0,0,0,0,0,0,0,0,0,0,0,0,0,0
114,641314.7,5431885,280,0,70,1,0,Genetic_input/BT_randallele20.csv;Genetic_input/DV_randallele20.csv,Classvars_BT.csv;Classvars_DV.csv,0,0,0,0,0,0,0,N,1,7.579737091,0,289,0,10.47699966,0,76,0,1,1,0,0,0,0,0,0,0,0,0,0,0,0,0,0,0
115,639902.4,5430963,2242,0,561,1,0,Genetic_input/BT_randallele20.csv;Genetic_input/DV_randallele20.csv,Classvars_BT.csv;Classvars_DV.csv,0,0,0,0,0,0,0,N,1,7.590789795,0,289,0,10.47699966,0,76,0,1,1,0,0,0,0,0,0,0,0,0,0,0,0,0,0,0
116,647785.9,5430341,97,0,24,1,0,Genetic_input/BT_randallele20.csv;Genetic_input/DV_randallele20.csv,Classvars_BT.csv;Classvars_DV.csv,0,0,0,0,0,0,0,N,1,6.317894745,0,289,0,9.378000641,0,76,0,1,1,0,0,0,0,0,0,0,0,0,0,0,0,0,0,0
117,648125,5429622,76,0,19,1,0,Genetic_input/BT_randallele20.csv;Genetic_input/DV_randallele20.csv,Classvars_BT.csv;Classvars_DV.csv,0,0,0,0,0,0,0,N,1,6.352894974,0,289,0,9.455000305,0,76,0,1,1,0,0,0,0,0,0,0,0,0,0,0,0,0,0,0
118,638238,5429434,161,0,40,1,0,Genetic_input/BT_randallele20.csv;Genetic_input/DV_randallele20.csv,Classvars_BT.csv;Classvars_DV.csv,0,0,0,0,0,0,0,N,1,6.557369232,0,289,0,9.545999908,0,76,0,1,1,0,0,0,0,0,0,0,0,0,0,0,0,0,0,0
119,642205.6,5429323,172,0,43,1,0,Genetic_input/BT_randallele20.csv;Genetic_input/DV_randallele20.csv,Classvars_BT.csv;Classvars_DV.csv,0,0,0,0,0,0,0,N,1,7.430526733,0,289,0,10.33000031,0,76,0,1,1,0,0,0,0,0,0,0,0,0,0,0,0,0,0,0
120,648154.8,5427001,997,0,249,1,0,Genetic_input/BT_randallele20.csv;Genetic_input/DV_randallele20.csv,Classvars_BT.csv;Classvars_DV.csv,0,0,0,0,0,0,0,N,1,6.363947678,0,289,0,9.440999603,0,76,0,1,1,0,0,0,0,0,0,0,0,0,0,0,0,0,0,0
121,650098.5,5429418,299,0,75,1,0,Genetic_input/BT_randallele20.csv;Genetic_input/DV_randallele20.csv,Classvars_BT.csv;Classvars_DV.csv,0,0,0,0,0,0,0,N,1,5.982632065,0,289,0,9.055999756,0,76,0,1,1,0,0,0,0,0,0,0,0,0,0,0,0,0,0,0
122,631149.4,5427504,221,0,55,1,0,Genetic_input/BT_randallele20.csv;Genetic_input/DV_randallele20.csv,Classvars_BT.csv;Classvars_DV.csv,0,0,0,0,0,0,0,N,1,5.971579361,0,289,0,8.971999359,0,76,0,1,1,0,0,0,0,0,0,0,0,0,0,0,0,0,0,0
123,642476.8,5427068,442,0,111,1,0,Genetic_input/BT_randallele20.csv;Genetic_input/DV_randallele20.csv,Classvars_BT.csv;Classvars_DV.csv,0,0,0,0,0,0,0,N,1,7.176316071,0,289,0,10.1340004,0,76,0,1,1,0,0,0,0,0,0,0,0,0,0,0,0,0,0,0
124,652874,5425100,351,0,88,1,0,Genetic_input/BT_randallele20.csv;Genetic_input/DV_randallele20.csv,Classvars_BT.csv;Classvars_DV.csv,0,0,0,0,0,0,0,N,1,5.824211121,0,289,0,8.944000244,0,76,0,1,1,0,0,0,0,0,0,0,0,0,0,0,0,0,0,0
125,631668.4,5426566,108,0,27,1,0,Genetic_input/BT_randallele20.csv;Genetic_input/DV_randallele20.csv,Classvars_BT.csv;Classvars_DV.csv,0,0,0,0,0,0,0,N,1,6.334473801,0,289,0,9.315000153,0,76,0,1,1,0,0,0,0,0,0,0,0,0,0,0,0,0,0,0
126,635758,5426078,929,0,232,1,0,Genetic_input/BT_randallele20.csv;Genetic_input/DV_randallele20.csv,Classvars_BT.csv;Classvars_DV.csv,0,0,0,0,0,0,0,N,1,6.596052551,0,289,0,9.566999817,0,76,0,1,1,0,0,0,0,0,0,0,0,0,0,0,0,0,0,0
127,642670.4,5424829,156,0,39,1,0,Genetic_input/BT_randallele20.csv;Genetic_input/DV_randallele20.csv,Classvars_BT.csv;Classvars_DV.csv,0,0,0,0,0,0,0,N,1,6.925788879,0,289,0,9.896000671,0,76,0,1,1,0,0,0,0,0,0,0,0,0,0,0,0,0,0,0
128,643456.5,5425974,46,0,12,1,0,Genetic_input/BT_randallele20.csv;Genetic_input/DV_randallele20.csv,Classvars_BT.csv;Classvars_DV.csv,0,0,0,0,0,0,0,N,1,6.920263672,0,289,0,9.916999817,0,76,0,1,1,0,0,0,0,0,0,0,0,0,0,0,0,0,0,0
129,647882,5424022,425,0,106,1,0,Genetic_input/BT_randallele20.csv;Genetic_input/DV_randallele20.csv,Classvars_BT.csv;Classvars_DV.csv,0,0,0,0,0,0,0,N,1,6.579473877,0,289,0,9.65799942,0,76,0,1,1,0,0,0,0,0,0,0,0,0,0,0,0,0,0,0
130,652889.5,5423582,212,0,53,1,0,Genetic_input/BT_randallele20.csv;Genetic_input/DV_randallele20.csv,Classvars_BT.csv;Classvars_DV.csv,0,0,0,0,0,0,0,N,1,5.838947678,0,289,0,8.958000183,0,76,0,1,1,0,0,0,0,0,0,0,0,0,0,0,0,0,0,0
131,651228.2,5423927,41,0,10,1,0,Genetic_input/BT_randallele20.csv;Genetic_input/DV_randallele20.csv,Classvars_BT.csv;Classvars_DV.csv,0,0,0,0,0,0,0,N,1,6.166841888,0,289,0,9.265999603,0,76,0,1,1,0,0,0,0,0,0,0,0,0,0,0,0,0,0,0
132,661289.2,5423640,204,0,51,1,0,Genetic_input/BT_randallele20.csv;Genetic_input/DV_randallele20.csv,Classvars_BT.csv;Classvars_DV.csv,0,0,0,0,0,0,0,N,1,5.66210556,0,289,0,8.831999969,0,76,0,1,1,0,0,0,0,0,0,0,0,0,0,0,0,0,0,0
133,649773.2,5423928,369,0,92,1,0,Genetic_input/BT_randallele20.csv;Genetic_input/DV_randallele20.csv,Classvars_BT.csv;Classvars_DV.csv,0,0,0,0,0,0,0,N,1,6.253421021,0,289,0,9.343000031,0,76,0,1,1,0,0,0,0,0,0,0,0,0,0,0,0,0,0,0
134,651455,5423245,78,0,20,1,0,Genetic_input/BT_randallele20.csv;Genetic_input/DV_randallele20.csv,Classvars_BT.csv;Classvars_DV.csv,0,0,0,0,0,0,0,N,1,6.148420715,0,289,0,9.251999664,0,76,0,1,1,0,0,0,0,0,0,0,0,0,0,0,0,0,0,0
135,646964.4,5423617,62,0,16,1,0,Genetic_input/BT_randallele20.csv;Genetic_input/DV_randallele20.csv,Classvars_BT.csv;Classvars_DV.csv,0,0,0,0,0,0,0,N,1,6.748947144,0,289,0,9.784000397,0,76,0,1,1,0,0,0,0,0,0,0,0,0,0,0,0,0,0,0
136,657457.8,5422037,230,0,58,1,0,Genetic_input/BT_randallele20.csv;Genetic_input/DV_randallele20.csv,Classvars_BT.csv;Classvars_DV.csv,0,0,0,0,0,0,0,N,1,5.66947403,0,289,0,8.790000916,0,76,0,1,1,0,0,0,0,0,0,0,0,0,0,0,0,0,0,0
137,647373,5420188,1519,0,380,1,0,Genetic_input/BT_randallele20.csv;Genetic_input/DV_randallele20.csv,Classvars_BT.csv;Classvars_DV.csv,0,0,0,0,0,0,0,N,1,7.220526123,0,289,0,10.20399933,0,76,0,1,1,0,0,0,0,0,0,0,0,0,0,0,0,0,0,0
138,633066.2,5422171,896,0,224,1,0,Genetic_input/BT_randallele20.csv;Genetic_input/DV_randallele20.csv,Classvars_BT.csv;Classvars_DV.csv,0,0,0,0,0,0,0,N,1,6.18710556,0,289,0,9.146999359,0,76,0,1,1,0,0,0,0,0,0,0,0,0,0,0,0,0,0,0
139,659717.3,5421635,265,0,66,1,0,Genetic_input/BT_randallele20.csv;Genetic_input/DV_randallele20.csv,Classvars_BT.csv;Classvars_DV.csv,0,0,0,0,0,0,0,N,1,6.093157578,0,289,0,9.237999725,0,76,0,1,1,0,0,0,0,0,0,0,0,0,0,0,0,0,0,0
140,661303.3,5422293,88,0,22,1,0,Genetic_input/BT_randallele20.csv;Genetic_input/DV_randallele20.csv,Classvars_BT.csv;Classvars_DV.csv,0,0,0,0,0,0,0,N,1,5.522105026,0,289,0,8.663999939,0,76,0,1,1,0,0,0,0,0,0,0,0,0,0,0,0,0,0,0
141,658200.7,5419643,395,0,99,1,0,Genetic_input/BT_randallele20.csv;Genetic_input/DV_randallele20.csv,Classvars_BT.csv;Classvars_DV.csv,0,0,0,0,0,0,0,N,1,6.166841888,0,289,0,9.308000183,0,76,0,1,1,0,0,0,0,0,0,0,0,0,0,0,0,0,0,0
142,627544.9,5420117,492,0,123,1,0,Genetic_input/BT_randallele20.csv;Genetic_input/DV_randallele20.csv,Classvars_BT.csv;Classvars_DV.csv,0,0,0,0,0,0,0,N,1,6.339999771,0,289,0,9.265999603,0,76,0,1,1,0,0,0,0,0,0,0,0,0,0,0,0,0,0,0
143,634009,5419617,944,0,236,1,0,Genetic_input/BT_randallele20.csv;Genetic_input/DV_randallele20.csv,Classvars_BT.csv;Classvars_DV.csv,0,0,0,0,0,0,0,N,1,7.386315918,0,289,0,10.23199921,0,76,0,1,1,0,0,0,0,0,0,0,0,0,0,0,0,0,0,0
144,638401.4,5419871,1197,0,299,1,0,Genetic_input/BT_randallele20.csv;Genetic_input/DV_randallele20.csv,Classvars_BT.csv;Classvars_DV.csv,0,0,0,0,0,0,0,N,1,6.29394722,0,289,0,9.287000275,0,76,0,1,1,0,0,0,0,0,0,0,0,0,0,0,0,0,0,0
145,653344.2,5418675,168,0,42,1,0,Genetic_input/BT_randallele20.csv;Genetic_input/DV_randallele20.csv,Classvars_BT.csv;Classvars_DV.csv,0,0,0,0,0,0,0,N,1,6.036052322,0,289,0,9.161000061,0,76,0,1,1,0,0,0,0,0,0,0,0,0,0,0,0,0,0,0
146,630585.8,5418783,486,0,122,1,0,Genetic_input/BT_randallele20.csv;Genetic_input/DV_randallele20.csv,Classvars_BT.csv;Classvars_DV.csv,0,0,0,0,0,0,0,N,1,6.914736938,0,289,0,9.797999573,0,76,0,1,1,0,0,0,0,0,0,0,0,0,0,0,0,0,0,0
147,632109.4,5417823,163,0,41,1,0,Genetic_input/BT_randallele20.csv;Genetic_input/DV_randallele20.csv,Classvars_BT.csv;Classvars_DV.csv,0,0,0,0,0,0,0,N,1,6.592368317,0,289,0,9.511000061,0,76,0,1,1,0,0,0,0,0,0,0,0,0,0,0,0,0,0,0
148,638041.7,5417939,747,0,187,1,0,Genetic_input/BT_randallele20.csv;Genetic_input/DV_randallele20.csv,Classvars_BT.csv;Classvars_DV.csv,0,0,0,0,0,0,0,N,1,6.496578217,0,289,0,9.469000244,0,76,0,1,1,0,0,0,0,0,0,0,0,0,0,0,0,0,0,0
149,627152.7,5417009,798,0,200,1,0,Genetic_input/BT_randallele20.csv;Genetic_input/DV_randallele20.csv,Classvars_BT.csv;Classvars_DV.csv,0,0,0,0,0,0,0,N,1,7.069473267,0,289,0,9.909999847,0,76,0,1,1,0,0,0,0,0,0,0,0,0,0,0,0,0,0,0
150,657204.7,5417797,208,0,52,1,0,Genetic_input/BT_randallele20.csv;Genetic_input/DV_randallele20.csv,Classvars_BT.csv;Classvars_DV.csv,0,0,0,0,0,0,0,N,1,6.268157578,0,289,0,9.398999786,0,76,0,1,1,0,0,0,0,0,0,0,0,0,0,0,0,0,0,0
151,624441.2,5417352,104,0,26,1,0,Genetic_input/BT_randallele20.csv;Genetic_input/DV_randallele20.csv,Classvars_BT.csv;Classvars_DV.csv,0,0,0,0,0,0,0,N,1,6.29394722,0,289,0,9.202999878,0,76,0,1,1,0,0,0,0,0,0,0,0,0,0,0,0,0,0,0
152,650611,5417741,1148,0,287,1,0,Genetic_input/BT_randallele20.csv;Genetic_input/DV_randallele20.csv,Classvars_BT.csv;Classvars_DV.csv,0,0,0,0,0,0,0,N,1,6.942368317,0,289,0,9.986999512,0,76,0,1,1,0,0,0,0,0,0,0,0,0,0,0,0,0,0,0
153,653028.6,5417505,86,0,22,1,0,Genetic_input/BT_randallele20.csv;Genetic_input/DV_randallele20.csv,Classvars_BT.csv;Classvars_DV.csv,0,0,0,0,0,0,0,N,1,6.771052551,0,289,0,9.840000153,0,76,0,1,1,0,0,0,0,0,0,0,0,0,0,0,0,0,0,0
154,640185,5415134,590,0,148,1,0,Genetic_input/BT_randallele20.csv;Genetic_input/DV_randallele20.csv,Classvars_BT.csv;Classvars_DV.csv,0,0,0,0,0,0,0,N,1,6.375000763,0,289,0,9.370999908,0,76,0,1,1,0,0,0,0,0,0,0,0,0,0,0,0,0,0,0
155,654931,5417326,671,0,168,1,0,Genetic_input/BT_randallele20.csv;Genetic_input/DV_randallele20.csv,Classvars_BT.csv;Classvars_DV.csv,0,0,0,0,0,0,0,N,1,6.452368927,0,289,0,9.552999878,0,76,0,1,1,0,0,0,0,0,0,0,0,0,0,0,0,0,0,0
156,653043.2,5416703,213,0,53,1,0,Genetic_input/BT_randallele20.csv;Genetic_input/DV_randallele20.csv,Classvars_BT.csv;Classvars_DV.csv,0,0,0,0,0,0,0,N,1,6.771052551,0,289,0,9.840000153,0,76,0,1,1,0,0,0,0,0,0,0,0,0,0,0,0,0,0,0
157,648339.4,5416907,234,0,59,1,0,Genetic_input/BT_randallele20.csv;Genetic_input/DV_randallele20.csv,Classvars_BT.csv;Classvars_DV.csv,0,0,0,0,0,0,0,N,1,7.246315765,0,289,0,10.23199997,0,76,0,1,1,0,0,0,0,0,0,0,0,0,0,0,0,0,0,0
158,646954.2,5415940,2436,0,609,1,0,Genetic_input/BT_randallele20.csv;Genetic_input/DV_randallele20.csv,Classvars_BT.csv;Classvars_DV.csv,0,0,0,0,0,0,0,N,1,7.478421021,0,289,0,10.41399994,0,76,0,1,1,0,0,0,0,0,0,0,0,0,0,0,0,0,0,0
159,622182.7,5414725,672,0,168,1,0,Genetic_input/BT_randallele20.csv;Genetic_input/DV_randallele20.csv,Classvars_BT.csv;Classvars_DV.csv,0,0,0,0,0,0,0,N,1,6.445000458,0,289,0,9.329000092,0,76,0,1,1,0,0,0,0,0,0,0,0,0,0,0,0,0,0,0
160,648487.8,5416321,69,0,17,1,0,Genetic_input/BT_randallele20.csv;Genetic_input/DV_randallele20.csv,Classvars_BT.csv;Classvars_DV.csv,0,0,0,0,0,0,0,N,1,6.406316376,0,289,0,9.48999939,0,76,0,1,1,0,0,0,0,0,0,0,0,0,0,0,0,0,0,0
161,658892.7,5416077,680,0,170,1,0,Genetic_input/BT_randallele20.csv;Genetic_input/DV_randallele20.csv,Classvars_BT.csv;Classvars_DV.csv,0,0,0,0,0,0,0,N,1,5.969737625,0,289,0,9.119000244,0,76,0,1,1,0,0,0,0,0,0,0,0,0,0,0,0,0,0,0
162,635095.4,5414910,146,0,37,1,0,Genetic_input/BT_randallele20.csv;Genetic_input/DV_randallele20.csv,Classvars_BT.csv;Classvars_DV.csv,0,0,0,0,0,0,0,N,1,6.354737091,0,289,0,9.336000061,0,76,0,1,1,0,0,0,0,0,0,0,0,0,0,0,0,0,0,0
163,636121.9,5414775,84,0,21,1,0,Genetic_input/BT_randallele20.csv;Genetic_input/DV_randallele20.csv,Classvars_BT.csv;Classvars_DV.csv,0,0,0,0,0,0,0,N,1,6.301315689,0,289,0,9.287000275,0,76,0,1,1,0,0,0,0,0,0,0,0,0,0,0,0,0,0,0
164,654190.2,5415429,254,0,64,1,0,Genetic_input/BT_randallele20.csv;Genetic_input/DV_randallele20.csv,Classvars_BT.csv;Classvars_DV.csv,0,0,0,0,0,0,0,N,1,6.402631378,0,289,0,9.518000031,0,76,0,1,1,0,0,0,0,0,0,0,0,0,0,0,0,0,0,0
165,628485.9,5413875,94,0,24,1,0,Genetic_input/BT_randallele20.csv;Genetic_input/DV_randallele20.csv,Classvars_BT.csv;Classvars_DV.csv,0,0,0,0,0,0,0,N,1,7.078684235,0,289,0,9.916999817,0,76,0,1,1,0,0,0,0,0,0,0,0,0,0,0,0,0,0,0
166,626807.6,5412540,626,0,157,1,0,Genetic_input/BT_randallele20.csv;Genetic_input/DV_randallele20.csv,Classvars_BT.csv;Classvars_DV.csv,0,0,0,0,0,0,0,N,1,6.865000153,0,289,0,9.720999908,0,76,0,1,1,0,0,0,0,0,0,0,0,0,0,0,0,0,0,0
167,664622,5409892,717,0,179,1,0,Genetic_input/BT_randallele20.csv;Genetic_input/DV_randallele20.csv,Classvars_BT.csv;Classvars_DV.csv,0,0,0,0,0,0,0,N,1,5.638158035,0,289,0,8.811000061,0,76,0,1,1,0,0,0,0,0,0,0,0,0,0,0,0,0,0,0
168,647476.8,5413123,588,0,147,1,0,Genetic_input/BT_randallele20.csv;Genetic_input/DV_randallele20.csv,Classvars_BT.csv;Classvars_DV.csv,0,0,0,0,0,0,0,N,1,6.371316147,0,289,0,9.412998962,0,76,0,1,1,0,0,0,0,0,0,0,0,0,0,0,0,0,0,0
169,642240.4,5412591,303,0,76,1,0,Genetic_input/BT_randallele20.csv;Genetic_input/DV_randallele20.csv,Classvars_BT.csv;Classvars_DV.csv,0,0,0,0,0,0,0,N,1,6.34736824,0,289,0,9.363999939,0,76,0,1,1,0,0,0,0,0,0,0,0,0,0,0,0,0,0,0
170,630108.3,5412342,446,0,112,1,0,Genetic_input/BT_randallele20.csv;Genetic_input/DV_randallele20.csv,Classvars_BT.csv;Classvars_DV.csv,0,0,0,0,0,0,0,N,1,7.003157806,0,289,0,9.867999268,0,76,0,1,1,0,0,0,0,0,0,0,0,0,0,0,0,0,0,0
171,630356,5411151,111,0,28,1,0,Genetic_input/BT_randallele20.csv;Genetic_input/DV_randallele20.csv,Classvars_BT.csv;Classvars_DV.csv,0,0,0,0,0,0,0,N,1,6.424736786,0,289,0,9.363999939,0,76,0,1,1,0,0,0,0,0,0,0,0,0,0,0,0,0,0,0
172,632227,5410054,578,0,145,1,0,Genetic_input/BT_randallele20.csv;Genetic_input/DV_randallele20.csv,Classvars_BT.csv;Classvars_DV.csv,0,0,0,0,0,0,0,N,1,7.089736938,0,289,0,9.944999695,0,76,0,1,1,0,0,0,0,0,0,0,0,0,0,0,0,0,0,0
173,624570.5,5410868,38,0,10,1,0,Genetic_input/BT_randallele20.csv;Genetic_input/DV_randallele20.csv,Classvars_BT.csv;Classvars_DV.csv,0,0,0,0,0,0,0,N,1,6.706578827,0,289,0,9.552999878,0,76,0,1,1,0,0,0,0,0,0,0,0,0,0,0,0,0,0,0
174,624736.6,5410716,31,0,8,1,0,Genetic_input/BT_randallele20.csv;Genetic_input/DV_randallele20.csv,Classvars_BT.csv;Classvars_DV.csv,0,0,0,0,0,0,0,N,1,6.706578827,0,289,0,9.552999878,0,76,0,1,1,0,0,0,0,0,0,0,0,0,0,0,0,0,0,0
175,624156.2,5410348,46,0,12,1,0,Genetic_input/BT_randallele20.csv;Genetic_input/DV_randallele20.csv,Classvars_BT.csv;Classvars_DV.csv,0,0,0,0,0,0,0,N,1,6.706578827,0,289,0,9.552999878,0,76,0,1,1,0,0,0,0,0,0,0,0,0,0,0,0,0,0,0
176,624454.2,5410331,28,0,7,1,0,Genetic_input/BT_randallele20.csv;Genetic_input/DV_randallele20.csv,Classvars_BT.csv;Classvars_DV.csv,0,0,0,0,0,0,0,N,1,6.706578827,0,289,0,9.552999878,0,76,0,1,1,0,0,0,0,0,0,0,0,0,0,0,0,0,0,0
177,636699.7,5408486,188,0,47,1,0,Genetic_input/BT_randallele20.csv;Genetic_input/DV_randallele20.csv,Classvars_BT.csv;Classvars_DV.csv,0,0,0,0,0,0,0,N,1,6.874209595,0,289,0,9.812000275,0,76,0,1,1,0,0,0,0,0,0,0,0,0,0,0,0,0,0,0
178,647827.5,5408933,1239,0,310,1,0,Genetic_input/BT_randallele20.csv;Genetic_input/DV_randallele20.csv,Classvars_BT.csv;Classvars_DV.csv,0,0,0,0,0,0,0,N,1,6.599737549,0,289,0,9.637000275,0,76,0,1,1,0,0,0,0,0,0,0,0,0,0,0,0,0,0,0
179,661513.8,5407401,612,0,153,1,0,Genetic_input/BT_randallele20.csv;Genetic_input/DV_randallele20.csv,Classvars_BT.csv;Classvars_DV.csv,0,0,0,0,0,0,0,N,1,5.85,0,289,0,9.013999939,0,76,0,1,1,0,0,0,0,0,0,0,0,0,0,0,0,0,0,0
180,629594.5,5407650,874,0,219,1,0,Genetic_input/BT_randallele20.csv;Genetic_input/DV_randallele20.csv,Classvars_BT.csv;Classvars_DV.csv,0,0,0,0,0,0,0,N,1,6.662368011,0,289,0,9.552999878,0,76,0,1,1,0,0,0,0,0,0,0,0,0,0,0,0,0,0,0
181,652542.5,5407630,427,0,107,1,0,Genetic_input/BT_randallele20.csv;Genetic_input/DV_randallele20.csv,Classvars_BT.csv;Classvars_DV.csv,0,0,0,0,0,0,0,N,1,6.564736938,0,289,0,9.658000183,0,76,0,1,1,0,0,0,0,0,0,0,0,0,0,0,0,0,0,0
182,651394.9,5407420,105,0,26,1,0,Genetic_input/BT_randallele20.csv;Genetic_input/DV_randallele20.csv,Classvars_BT.csv;Classvars_DV.csv,0,0,0,0,0,0,0,N,1,6.704737091,0,289,0,9.783999634,0,76,0,1,1,0,0,0,0,0,0,0,0,0,0,0,0,0,0,0
183,634607.6,5407566,903,0,226,1,0,Genetic_input/BT_randallele20.csv;Genetic_input/DV_randallele20.csv,Classvars_BT.csv;Classvars_DV.csv,0,0,0,0,0,0,0,N,1,7.327368164,0,289,0,10.16200027,0,76,0,1,1,0,0,0,0,0,0,0,0,0,0,0,0,0,0,0
184,655570.5,5407040,399,0,100,1,0,Genetic_input/BT_randallele20.csv;Genetic_input/DV_randallele20.csv,Classvars_BT.csv;Classvars_DV.csv,0,0,0,0,0,0,0,N,1,6.001052856,0,289,0,9.125999451,0,76,0,1,1,0,0,0,0,0,0,0,0,0,0,0,0,0,0,0
185,636582.6,5407118,85,0,21,1,0,Genetic_input/BT_randallele20.csv;Genetic_input/DV_randallele20.csv,Classvars_BT.csv;Classvars_DV.csv,0,0,0,0,0,0,0,N,1,7.682894897,0,289,0,10.50500031,0,76,0,1,1,0,0,0,0,0,0,0,0,0,0,0,0,0,0,0
186,636464.7,5406510,77,0,19,1,0,Genetic_input/BT_randallele20.csv;Genetic_input/DV_randallele20.csv,Classvars_BT.csv;Classvars_DV.csv,0,0,0,0,0,0,0,N,1,7.019737244,0,289,0,9.916999817,0,76,0,1,1,0,0,0,0,0,0,0,0,0,0,0,0,0,0,0
187,645446.1,5406892,541,0,135,1,0,Genetic_input/BT_randallele20.csv;Genetic_input/DV_randallele20.csv,Classvars_BT.csv;Classvars_DV.csv,0,0,0,0,0,0,0,N,1,7.014211273,0,289,0,9.994000244,0,76,0,1,1,0,0,0,0,0,0,0,0,0,0,0,0,0,0,0
188,637026.6,5407058,149,0,37,1,0,Genetic_input/BT_randallele20.csv;Genetic_input/DV_randallele20.csv,Classvars_BT.csv;Classvars_DV.csv,0,0,0,0,0,0,0,N,1,7.682894897,0,289,0,10.50500031,0,76,0,1,1,0,0,0,0,0,0,0,0,0,0,0,0,0,0,0
189,637254.7,5405576,196,0,49,1,0,Genetic_input/BT_randallele20.csv;Genetic_input/DV_randallele20.csv,Classvars_BT.csv;Classvars_DV.csv,0,0,0,0,0,0,0,N,1,6.920262909,0,289,0,9.846999359,0,76,0,1,1,0,0,0,0,0,0,0,0,0,0,0,0,0,0,0
190,640286.5,5406071,1852,0,463,1,0,Genetic_input/BT_randallele20.csv;Genetic_input/DV_randallele20.csv,Classvars_BT.csv;Classvars_DV.csv,0,0,0,0,0,0,0,N,1,7.679211426,0,289,0,10.53300018,0,76,0,1,1,0,0,0,0,0,0,0,0,0,0,0,0,0,0,0
191,626666.7,5406364,39,0,10,1,0,Genetic_input/BT_randallele20.csv;Genetic_input/DV_randallele20.csv,Classvars_BT.csv;Classvars_DV.csv,0,0,0,0,0,0,0,N,1,6.678946686,0,289,0,9.545999908,0,76,0,1,1,0,0,0,0,0,0,0,0,0,0,0,0,0,0,0
192,663637.1,5405221,464,0,116,1,0,Genetic_input/BT_randallele20.csv;Genetic_input/DV_randallele20.csv,Classvars_BT.csv;Classvars_DV.csv,0,0,0,0,0,0,0,N,1,6.316053009,0,289,0,9.483000183,0,76,0,1,1,0,0,0,0,0,0,0,0,0,0,0,0,0,0,0
193,665510.1,5405772,102,0,26,1,0,Genetic_input/BT_randallele20.csv;Genetic_input/DV_randallele20.csv,Classvars_BT.csv;Classvars_DV.csv,0,0,0,0,0,0,0,N,1,5.630789185,0,289,0,8.783000183,0,76,0,1,1,0,0,0,0,0,0,0,0,0,0,0,0,0,0,0
194,653529.9,5406233,82,0,21,1,0,Genetic_input/BT_randallele20.csv;Genetic_input/DV_randallele20.csv,Classvars_BT.csv;Classvars_DV.csv,0,0,0,0,0,0,0,N,1,6.55552597,0,289,0,9.636999512,0,76,0,1,1,0,0,0,0,0,0,0,0,0,0,0,0,0,0,0
195,653260.1,5406123,17,0,4,1,0,Genetic_input/BT_randallele20.csv;Genetic_input/DV_randallele20.csv,Classvars_BT.csv;Classvars_DV.csv,0,0,0,0,0,0,0,N,1,6.55552597,0,289,0,9.636999512,0,76,0,1,1,0,0,0,0,0,0,0,0,0,0,0,0,0,0,0
196,626328.1,5405568,98,0,25,1,0,Genetic_input/BT_randallele20.csv;Genetic_input/DV_randallele20.csv,Classvars_BT.csv;Classvars_DV.csv,0,0,0,0,0,0,0,N,1,6.55552597,0,289,0,9.440999603,0,76,0,1,1,0,0,0,0,0,0,0,0,0,0,0,0,0,0,0
197,653813.5,5405563,88,0,22,1,0,Genetic_input/BT_randallele20.csv;Genetic_input/DV_randallele20.csv,Classvars_BT.csv;Classvars_DV.csv,0,0,0,0,0,0,0,N,1,6.468947601,0,289,0,9.574000549,0,76,0,1,1,0,0,0,0,0,0,0,0,0,0,0,0,0,0,0
198,654966.5,5405573,122,0,31,1,0,Genetic_input/BT_randallele20.csv;Genetic_input/DV_randallele20.csv,Classvars_BT.csv;Classvars_DV.csv,0,0,0,0,0,0,0,N,1,5.940263748,0,289,0,9.076999664,0,76,0,1,1,0,0,0,0,0,0,0,0,0,0,0,0,0,0,0
199,654213,5404605,107,0,27,1,0,Genetic_input/BT_randallele20.csv;Genetic_input/DV_randallele20.csv,Classvars_BT.csv;Classvars_DV.csv,0,0,0,0,0,0,0,N,1,6.321578979,0,289,0,9.434000397,0,76,0,1,1,0,0,0,0,0,0,0,0,0,0,0,0,0,0,0
200,660963.8,5404707,91,0,23,1,0,Genetic_input/BT_randallele20.csv;Genetic_input/DV_randallele20.csv,Classvars_BT.csv;Classvars_DV.csv,0,0,0,0,0,0,0,N,1,5.733946991,0,289,0,8.880999756,0,76,0,1,1,0,0,0,0,0,0,0,0,0,0,0,0,0,0,0
201,661930.4,5404345,94,0,24,1,0,Genetic_input/BT_randallele20.csv;Genetic_input/DV_randallele20.csv,Classvars_BT.csv;Classvars_DV.csv,0,0,0,0,0,0,0,N,1,6.413683319,0,289,0,9.573999786,0,76,0,1,1,0,0,0,0,0,0,0,0,0,0,0,0,0,0,0
202,645809.9,5404327,252,0,63,1,0,Genetic_input/BT_randallele20.csv;Genetic_input/DV_randallele20.csv,Classvars_BT.csv;Classvars_DV.csv,0,0,0,0,0,0,0,N,1,7.218684387,0,289,0,10.16900024,0,76,0,1,1,0,0,0,0,0,0,0,0,0,0,0,0,0,0,0
203,632547.3,5403195,113,0,28,1,0,Genetic_input/BT_randallele20.csv;Genetic_input/DV_randallele20.csv,Classvars_BT.csv;Classvars_DV.csv,0,0,0,0,0,0,0,N,1,6.747105408,0,289,0,9.665000153,0,76,0,1,1,0,0,0,0,0,0,0,0,0,0,0,0,0,0,0
204,662182.1,5403413,212,0,53,1,0,Genetic_input/BT_randallele20.csv;Genetic_input/DV_randallele20.csv,Classvars_BT.csv;Classvars_DV.csv,0,0,0,0,0,0,0,N,1,6.678947449,0,289,0,9.825999451,0,76,0,1,1,0,0,0,0,0,0,0,0,0,0,0,0,0,0,0
205,654580.2,5403163,128,0,32,1,0,Genetic_input/BT_randallele20.csv;Genetic_input/DV_randallele20.csv,Classvars_BT.csv;Classvars_DV.csv,0,0,0,0,0,0,0,N,1,6.120788574,0,289,0,9.216999817,0,76,0,1,1,0,0,0,0,0,0,0,0,0,0,0,0,0,0,0
206,641316.8,5402944,0,0,0,0,1,Genetic_input/BT_randallele20.csv;Genetic_input/DV_randallele20.csv,Classvars_BT.csv;Classvars_DV.csv,0,0,0,0,0,0,0,N,1,7.067631531,0,289,0,10.00099945,0,76,0,1,1,0,0,0,0,0,0,0,0,0,0,0,0,0,0,0
207,654782,5403724,58,0,15,1,0,Genetic_input/BT_randallele20.csv;Genetic_input/DV_randallele20.csv,Classvars_BT.csv;Classvars_DV.csv,0,0,0,0,0,0,0,N,1,6.275526047,0,289,0,9.398999786,0,76,0,1,1,0,0,0,0,0,0,0,0,0,0,0,0,0,0,0
208,643351,5403544,0,0,0,0,1,Genetic_input/BT_randallele20.csv;Genetic_input/DV_randallele20.csv,Classvars_BT.csv;Classvars_DV.csv,0,0,0,0,0,0,0,N,1,7.765789795,0,289,0,10.62399902,0,76,0,1,1,0,0,0,0,0,0,0,0,0,0,0,0,0,0,0
209,630855.5,5402933,393,0,98,1,0,Genetic_input/BT_randallele20.csv;Genetic_input/DV_randallele20.csv,Classvars_BT.csv;Classvars_DV.csv,0,0,0,0,0,0,0,N,1,7.266578674,0,289,0,10.07099991,0,76,0,1,1,0,0,0,0,0,0,0,0,0,0,0,0,0,0,0
210,660190.3,5401479,1110,0,278,1,0,Genetic_input/BT_randallele20.csv;Genetic_input/DV_randallele20.csv,Classvars_BT.csv;Classvars_DV.csv,0,0,0,0,0,0,0,N,1,6.59789505,0,289,0,9.728000641,0,76,0,1,1,0,0,0,0,0,0,0,0,0,0,0,0,0,0,0
211,663803.7,5401264,205,0,51,1,0,Genetic_input/BT_randallele20.csv;Genetic_input/DV_randallele20.csv,Classvars_BT.csv;Classvars_DV.csv,0,0,0,0,0,0,0,N,1,6.220262909,0,289,0,9.398999786,0,76,0,1,1,0,0,0,0,0,0,0,0,0,0,0,0,0,0,0
212,667986.4,5401841,55,0,14,1,0,Genetic_input/BT_randallele20.csv;Genetic_input/DV_randallele20.csv,Classvars_BT.csv;Classvars_DV.csv,0,0,0,0,0,0,0,N,1,5.656578827,0,289,0,8.811000061,0,76,0,1,1,0,0,0,0,0,0,0,0,0,0,0,0,0,0,0
213,632245,5401872,618,0,155,1,0,Genetic_input/BT_randallele20.csv;Genetic_input/DV_randallele20.csv,Classvars_BT.csv;Classvars_DV.csv,0,0,0,0,0,0,0,N,1,7.520788574,0,289,0,10.29499969,0,76,0,1,1,0,0,0,0,0,0,0,0,0,0,0,0,0,0,0
214,650729.1,5399477,21,0,5,1,0,Genetic_input/BT_randallele20.csv;Genetic_input/DV_randallele20.csv,Classvars_BT.csv;Classvars_DV.csv,0,0,0,0,0,0,0,N,1,6.240526581,0,289,0,9.308000183,0,76,0,1,1,0,0,0,0,0,0,0,0,0,0,0,0,0,0,0
215,644854.3,5401657,0,0,0,0,1,Genetic_input/BT_randallele20.csv;Genetic_input/DV_randallele20.csv,Classvars_BT.csv;Classvars_DV.csv,0,0,0,0,0,0,0,N,1,7.774999237,0,289,0,10.61699982,0,76,0,1,1,0,0,0,0,0,0,0,0,0,0,0,0,0,0,0
216,630973.3,5401059,249,0,62,1,0,Genetic_input/BT_randallele20.csv;Genetic_input/DV_randallele20.csv,Classvars_BT.csv;Classvars_DV.csv,0,0,0,0,0,0,0,N,1,7.165263367,0,289,0,10.02199936,0,76,0,1,1,0,0,0,0,0,0,0,0,0,0,0,0,0,0,0
217,641178.3,5402807,326,0,82,1,0,Genetic_input/BT_randallele20.csv;Genetic_input/DV_randallele20.csv,Classvars_BT.csv;Classvars_DV.csv,0,0,0,0,0,0,0,N,1,7.067631531,0,289,0,10.00099945,0,76,0,1,1,0,0,0,0,0,0,0,0,0,0,0,0,0,0,0
218,666697,5400267,850,0,213,1,0,Genetic_input/BT_randallele20.csv;Genetic_input/DV_randallele20.csv,Classvars_BT.csv;Classvars_DV.csv,0,0,0,0,0,0,0,N,1,5.579210663,0,289,0,8.726999664,0,76,0,1,1,0,0,0,0,0,0,0,0,0,0,0,0,0,0,0
219,658055,5399267,656,0,164,1,0,Genetic_input/BT_randallele20.csv;Genetic_input/DV_randallele20.csv,Classvars_BT.csv;Classvars_DV.csv,0,0,0,0,0,0,0,N,1,6.467105103,0,289,0,9.580999756,0,76,0,1,1,0,0,0,0,0,0,0,0,0,0,0,0,0,0,0
220,666551.8,5396747,645,0,161,1,0,Genetic_input/BT_randallele20.csv;Genetic_input/DV_randallele20.csv,Classvars_BT.csv;Classvars_DV.csv,0,0,0,0,0,0,0,N,1,5.881315613,0,289,0,9.077000427,0,76,0,1,1,0,0,0,0,0,0,0,0,0,0,0,0,0,0,0
221,634339.7,5399508,905,0,226,1,0,Genetic_input/BT_randallele20.csv;Genetic_input/DV_randallele20.csv,Classvars_BT.csv;Classvars_DV.csv,0,0,0,0,0,0,0,N,1,7.892894745,0,289,0,10.63099976,0,76,0,1,1,0,0,0,0,0,0,0,0,0,0,0,0,0,0,0
222,642971.7,5399036,143,0,36,1,0,Genetic_input/BT_randallele20.csv;Genetic_input/DV_randallele20.csv,Classvars_BT.csv;Classvars_DV.csv,0,0,0,0,0,0,0,N,1,7.303420258,0,289,0,10.21100006,0,76,0,1,1,0,0,0,0,0,0,0,0,0,0,0,0,0,0,0
223,638457.7,5398424,109,0,27,0,1,Genetic_input/BT_randallele20.csv;Genetic_input/DV_randallele20.csv,Classvars_BT.csv;Classvars_DV.csv,0,0,0,0,0,0,0,N,1,8.025527191,0,289,0,10.77099991,0,76,0,1,1,0,0,0,0,0,0,0,0,0,0,0,0,0,0,0
224,657077.8,5398399,9,0,2,1,0,Genetic_input/BT_randallele20.csv;Genetic_input/DV_randallele20.csv,Classvars_BT.csv;Classvars_DV.csv,0,0,0,0,0,0,0,N,1,6.881578827,0,289,0,9.979999542,0,76,0,1,1,0,0,0,0,0,0,0,0,0,0,0,0,0,0,0
225,655935.4,5397967,631,0,158,1,0,Genetic_input/BT_randallele20.csv;Genetic_input/DV_randallele20.csv,Classvars_BT.csv;Classvars_DV.csv,0,0,0,0,0,0,0,N,1,6.798683929,0,289,0,9.888999939,0,76,0,1,1,0,0,0,0,0,0,0,0,0,0,0,0,0,0,0
226,654769.7,5397879,8,0,2,1,0,Genetic_input/BT_randallele20.csv;Genetic_input/DV_randallele20.csv,Classvars_BT.csv;Classvars_DV.csv,0,0,0,0,0,0,0,N,1,7.065789032,0,289,0,10.11999969,0,76,0,1,1,0,0,0,0,0,0,0,0,0,0,0,0,0,0,0
227,653894.9,5397477,512,0,128,1,0,Genetic_input/BT_randallele20.csv;Genetic_input/DV_randallele20.csv,Classvars_BT.csv;Classvars_DV.csv,0,0,0,0,0,0,0,N,1,7.3457901,0,289,0,10.35799942,0,76,0,1,1,0,0,0,0,0,0,0,0,0,0,0,0,0,0,0
228,631378.9,5396398,183,0,46,0,1,Genetic_input/BT_randallele20.csv;Genetic_input/DV_randallele20.csv,Classvars_BT.csv;Classvars_DV.csv,0,0,0,0,0,0,0,N,1,7.620262909,0,289,0,10.39299927,0,76,0,1,1,0,0,0,0,0,0,0,0,0,0,0,0,0,0,0
229,636729.2,5396472,198,0,50,0,1,Genetic_input/BT_randallele20.csv;Genetic_input/DV_randallele20.csv,Classvars_BT.csv;Classvars_DV.csv,0,0,0,0,0,0,0,N,1,7.552104187,0,289,0,10.38600006,0,76,0,1,1,0,0,0,0,0,0,0,0,0,0,0,0,0,0,0
230,645854.8,5398781,2877,0,719,1,0,Genetic_input/BT_randallele20.csv;Genetic_input/DV_randallele20.csv,Classvars_BT.csv;Classvars_DV.csv,0,0,0,0,0,0,0,N,1,7.371578217,0,289,0,10.30199966,0,76,0,1,1,0,0,0,0,0,0,0,0,0,0,0,0,0,0,0
231,648447.1,5395475,597,0,149,1,0,Genetic_input/BT_randallele20.csv;Genetic_input/DV_randallele20.csv,Classvars_BT.csv;Classvars_DV.csv,0,0,0,0,0,0,0,N,1,6.995789337,0,289,0,10.00800018,0,76,0,1,1,0,0,0,0,0,0,0,0,0,0,0,0,0,0,0
232,652024.4,5396771,874,0,219,1,0,Genetic_input/BT_randallele20.csv;Genetic_input/DV_randallele20.csv,Classvars_BT.csv;Classvars_DV.csv,0,0,0,0,0,0,0,N,1,7.165263367,0,289,0,10.19000015,0,76,0,1,1,0,0,0,0,0,0,0,0,0,0,0,0,0,0,0
233,650504,5396814,280,0,70,1,0,Genetic_input/BT_randallele20.csv;Genetic_input/DV_randallele20.csv,Classvars_BT.csv;Classvars_DV.csv,0,0,0,0,0,0,0,N,1,7.26289444,0,289,0,10.23899994,0,76,0,1,1,0,0,0,0,0,0,0,0,0,0,0,0,0,0,0
234,649481.2,5396723,453,0,113,1,0,Genetic_input/BT_randallele20.csv;Genetic_input/DV_randallele20.csv,Classvars_BT.csv;Classvars_DV.csv,0,0,0,0,0,0,0,N,1,7.286843109,0,289,0,10.25999985,0,76,0,1,1,0,0,0,0,0,0,0,0,0,0,0,0,0,0,0
235,650901,5396452,18,0,5,1,0,Genetic_input/BT_randallele20.csv;Genetic_input/DV_randallele20.csv,Classvars_BT.csv;Classvars_DV.csv,0,0,0,0,0,0,0,N,1,7.231578827,0,289,0,10.21799927,0,76,0,1,1,0,0,0,0,0,0,0,0,0,0,0,0,0,0,0
236,654397.4,5396182,747,0,187,1,0,Genetic_input/BT_randallele20.csv;Genetic_input/DV_randallele20.csv,Classvars_BT.csv;Classvars_DV.csv,0,0,0,0,0,0,0,N,1,6.6457901,0,289,0,9.713999939,0,76,0,1,1,0,0,0,0,0,0,0,0,0,0,0,0,0,0,0
237,639502.9,5394750,0,0,0,0,1,Genetic_input/BT_randallele20.csv;Genetic_input/DV_randallele20.csv,Classvars_BT.csv;Classvars_DV.csv,0,0,0,0,0,0,0,N,1,7.611052704,0,289,0,10.42800064,0,76,0,1,1,0,0,0,0,0,0,0,0,0,0,0,0,0,0,0
238,632626.6,5395170,49,0,12,0,1,Genetic_input/BT_randallele20.csv;Genetic_input/DV_randallele20.csv,Classvars_BT.csv;Classvars_DV.csv,0,0,0,0,0,0,0,N,1,7.196578979,0,289,0,10.04299927,0,76,0,1,1,0,0,0,0,0,0,0,0,0,0,0,0,0,0,0
239,655953,5394158,572,0,143,1,0,Genetic_input/BT_randallele20.csv;Genetic_input/DV_randallele20.csv,Classvars_BT.csv;Classvars_DV.csv,0,0,0,0,0,0,0,N,1,7.021579742,0,289,0,10.09199982,0,76,0,1,1,0,0,0,0,0,0,0,0,0,0,0,0,0,0,0
240,654983.7,5394386,77,0,19,1,0,Genetic_input/BT_randallele20.csv;Genetic_input/DV_randallele20.csv,Classvars_BT.csv;Classvars_DV.csv,0,0,0,0,0,0,0,N,1,6.106052017,0,289,0,9.203000641,0,76,0,1,1,0,0,0,0,0,0,0,0,0,0,0,0,0,0,0
241,646186.4,5390939,1316,0,329,1,0,Genetic_input/BT_randallele20.csv;Genetic_input/DV_randallele20.csv,Classvars_BT.csv;Classvars_DV.csv,0,0,0,0,0,0,0,N,1,6.671578979,0,289,0,9.686000061,0,76,0,1,1,0,0,0,0,0,0,0,0,0,0,0,0,0,0,0
242,641361.9,5393577,2129,0,532,1,0,Genetic_input/BT_randallele20.csv;Genetic_input/DV_randallele20.csv,Classvars_BT.csv;Classvars_DV.csv,0,0,0,0,0,0,0,N,1,8.010790253,0,289,0,10.78499985,0,76,0,1,1,0,0,0,0,0,0,0,0,0,0,0,0,0,0,0
243,660448.7,5392947,817,0,204,1,0,Genetic_input/BT_randallele20.csv;Genetic_input/DV_randallele20.csv,Classvars_BT.csv;Classvars_DV.csv,0,0,0,0,0,0,0,N,1,5.831578827,0,289,0,8.972000122,0,76,0,1,1,0,0,0,0,0,0,0,0,0,0,0,0,0,0,0
244,655615.2,5392505,119,0,30,1,0,Genetic_input/BT_randallele20.csv;Genetic_input/DV_randallele20.csv,Classvars_BT.csv;Classvars_DV.csv,0,0,0,0,0,0,0,N,1,6.039736938,0,289,0,9.146999359,0,76,0,1,1,0,0,0,0,0,0,0,0,0,0,0,0,0,0,0
245,656479.9,5392906,106,0,27,1,0,Genetic_input/BT_randallele20.csv;Genetic_input/DV_randallele20.csv,Classvars_BT.csv;Classvars_DV.csv,0,0,0,0,0,0,0,N,1,6.684474182,0,289,0,9.818999481,0,76,0,1,1,0,0,0,0,0,0,0,0,0,0,0,0,0,0,0
246,656932.9,5392348,236,0,59,1,0,Genetic_input/BT_randallele20.csv;Genetic_input/DV_randallele20.csv,Classvars_BT.csv;Classvars_DV.csv,0,0,0,0,0,0,0,N,1,6.61078949,0,289,0,9.748999786,0,76,0,1,1,0,0,0,0,0,0,0,0,0,0,0,0,0,0,0
247,656860.9,5391531,74,0,19,1,0,Genetic_input/BT_randallele20.csv;Genetic_input/DV_randallele20.csv,Classvars_BT.csv;Classvars_DV.csv,0,0,0,0,0,0,0,N,1,6.181578827,0,289,0,9.321999359,0,76,0,1,1,0,0,0,0,0,0,0,0,0,0,0,0,0,0,0
248,657788.5,5390863,546,0,137,1,0,Genetic_input/BT_randallele20.csv;Genetic_input/DV_randallele20.csv,Classvars_BT.csv;Classvars_DV.csv,0,0,0,0,0,0,0,N,1,6.605263519,0,289,0,9.755999756,0,76,0,1,1,0,0,0,0,0,0,0,0,0,0,0,0,0,0,0
249,643450.4,5389097,1013,0,253,1,0,Genetic_input/BT_randallele20.csv;Genetic_input/DV_randallele20.csv,Classvars_BT.csv;Classvars_DV.csv,0,0,0,0,0,0,0,N,1,7.555789948,0,289,0,10.41399994,0,76,0,1,1,0,0,0,0,0,0,0,0,0,0,0,0,0,0,0
250,657111.7,5388227,297,0,74,1,0,Genetic_input/BT_randallele20.csv;Genetic_input/DV_randallele20.csv,Classvars_BT.csv;Classvars_DV.csv,0,0,0,0,0,0,0,N,1,5.827894974,0,289,0,8.915999603,0,76,0,1,1,0,0,0,0,0,0,0,0,0,0,0,0,0,0,0
251,659487.3,5387481,999,0,250,1,0,Genetic_input/BT_randallele20.csv;Genetic_input/DV_randallele20.csv,Classvars_BT.csv;Classvars_DV.csv,0,0,0,0,0,0,0,N,1,6.371316528,0,289,0,9.525,0,76,0,1,1,0,0,0,0,0,0,0,0,0,0,0,0,0,0,0
252,649274.5,5388159,105,0,26,1,0,Genetic_input/BT_randallele20.csv;Genetic_input/DV_randallele20.csv,Classvars_BT.csv;Classvars_DV.csv,0,0,0,0,0,0,0,N,1,6.588684082,0,289,0,9.623000336,0,76,0,1,1,0,0,0,0,0,0,0,0,0,0,0,0,0,0,0
253,652803.1,5386015,884,0,221,1,0,Genetic_input/BT_randallele20.csv;Genetic_input/DV_randallele20.csv,Classvars_BT.csv;Classvars_DV.csv,0,0,0,0,0,0,0,N,1,6.025,0,289,0,9.146999359,0,76,0,1,1,0,0,0,0,0,0,0,0,0,0,0,0,0,0,0
254,640616.8,5386332,926,0,232,1,0,Genetic_input/BT_randallele20.csv;Genetic_input/DV_randallele20.csv,Classvars_BT.csv;Classvars_DV.csv,0,0,0,0,0,0,0,N,1,7.362368011,0,289,0,10.25300064,0,76,0,1,1,0,0,0,0,0,0,0,0,0,0,0,0,0,0,0
255,643256.4,5387116,111,0,28,1,0,Genetic_input/BT_randallele20.csv;Genetic_input/DV_randallele20.csv,Classvars_BT.csv;Classvars_DV.csv,0,0,0,0,0,0,0,N,1,7.5207901,0,289,0,10.37900009,0,76,0,1,1,0,0,0,0,0,0,0,0,0,0,0,0,0,0,0
256,643396.2,5386072,474,0,119,1,0,Genetic_input/BT_randallele20.csv;Genetic_input/DV_randallele20.csv,Classvars_BT.csv;Classvars_DV.csv,0,0,0,0,0,0,0,N,1,7.421315765,0,289,0,10.32300034,0,76,0,1,1,0,0,0,0,0,0,0,0,0,0,0,0,0,0,0
257,643957.8,5386628,75,0,19,1,0,Genetic_input/BT_randallele20.csv;Genetic_input/DV_randallele20.csv,Classvars_BT.csv;Classvars_DV.csv,0,0,0,0,0,0,0,N,1,7.058421326,0,289,0,9.994000244,0,76,0,1,1,0,0,0,0,0,0,0,0,0,0,0,0,0,0,0
258,639079.5,5394124,249,0,62,1,0,Genetic_input/BT_randallele20.csv;Genetic_input/DV_randallele20.csv,Classvars_BT.csv;Classvars_DV.csv,0,0,0,0,0,0,0,N,1,7.100789642,0,289,0,10.00100021,0,76,0,1,1,0,0,0,0,0,0,0,0,0,0,0,0,0,0,0
259,660371.9,5384607,132,0,33,1,0,Genetic_input/BT_randallele20.csv;Genetic_input/DV_randallele20.csv,Classvars_BT.csv;Classvars_DV.csv,0,0,0,0,0,0,0,N,1,5.982631302,0,289,0,9.140000153,0,76,0,1,1,0,0,0,0,0,0,0,0,0,0,0,0,0,0,0
260,661633.4,5384629,431,0,108,1,0,Genetic_input/BT_randallele20.csv;Genetic_input/DV_randallele20.csv,Classvars_BT.csv;Classvars_DV.csv,0,0,0,0,0,0,0,N,1,6.236841583,0,289,0,9.405999756,0,76,0,1,1,0,0,0,0,0,0,0,0,0,0,0,0,0,0,0
261,645862.7,5383429,1041,0,260,1,0,Genetic_input/BT_randallele20.csv;Genetic_input/DV_randallele20.csv,Classvars_BT.csv;Classvars_DV.csv,0,0,0,0,0,0,0,N,1,6.706578827,0,289,0,9.721000671,0,76,0,1,1,0,0,0,0,0,0,0,0,0,0,0,0,0,0,0
262,644165.6,5384457,381,0,95,1,0,Genetic_input/BT_randallele20.csv;Genetic_input/DV_randallele20.csv,Classvars_BT.csv;Classvars_DV.csv,0,0,0,0,0,0,0,N,1,7.452631378,0,289,0,10.35799942,0,76,0,1,1,0,0,0,0,0,0,0,0,0,0,0,0,0,0,0
263,645605.6,5382591,686,0,172,1,0,Genetic_input/BT_randallele20.csv;Genetic_input/DV_randallele20.csv,Classvars_BT.csv;Classvars_DV.csv,0,0,0,0,0,0,0,N,1,7.447104645,0,289,0,10.33699951,0,76,0,1,1,0,0,0,0,0,0,0,0,0,0,0,0,0,0,0
264,663032.9,5382232,565,0,141,1,0,Genetic_input/BT_randallele20.csv;Genetic_input/DV_randallele20.csv,Classvars_BT.csv;Classvars_DV.csv,0,0,0,0,0,0,0,N,1,6.198157883,0,289,0,9.370999908,0,76,0,1,1,0,0,0,0,0,0,0,0,0,0,0,0,0,0,0
265,661895.8,5383430,22,0,6,1,0,Genetic_input/BT_randallele20.csv;Genetic_input/DV_randallele20.csv,Classvars_BT.csv;Classvars_DV.csv,0,0,0,0,0,0,0,N,1,6.036053085,0,289,0,9.188999939,0,76,0,1,1,0,0,0,0,0,0,0,0,0,0,0,0,0,0,0
266,644603.9,5383272,71,0,18,1,0,Genetic_input/BT_randallele20.csv;Genetic_input/DV_randallele20.csv,Classvars_BT.csv;Classvars_DV.csv,0,0,0,0,0,0,0,N,1,7.49131546,0,289,0,10.35099945,0,76,0,1,1,0,0,0,0,0,0,0,0,0,0,0,0,0,0,0
267,635770.3,5383068,26,0,7,1,0,Genetic_input/BT_randallele20.csv;Genetic_input/DV_randallele20.csv,Classvars_BT.csv;Classvars_DV.csv,0,0,0,0,0,0,0,N,1,6.345526505,0,289,0,9.300999451,0,76,0,1,1,0,0,0,0,0,0,0,0,0,0,0,0,0,0,0
268,636482.6,5382504,141,0,35,1,0,Genetic_input/BT_randallele20.csv;Genetic_input/DV_randallele20.csv,Classvars_BT.csv;Classvars_DV.csv,0,0,0,0,0,0,0,N,1,6.12447319,0,289,0,9.090999603,0,76,0,1,1,0,0,0,0,0,0,0,0,0,0,0,0,0,0,0
269,666486.1,5382031,474,0,119,1,0,Genetic_input/BT_randallele20.csv;Genetic_input/DV_randallele20.csv,Classvars_BT.csv;Classvars_DV.csv,0,0,0,0,0,0,0,N,1,5.490789413,0,289,0,8.643000031,0,76,0,1,1,0,0,0,0,0,0,0,0,0,0,0,0,0,0,0
270,651470,5381898,916,0,229,1,0,Genetic_input/BT_randallele20.csv;Genetic_input/DV_randallele20.csv,Classvars_BT.csv;Classvars_DV.csv,0,0,0,0,0,0,0,N,1,6.286579514,0,289,0,9.356999969,0,76,0,1,1,0,0,0,0,0,0,0,0,0,0,0,0,0,0,0
271,648859.1,5380961,208,0,52,1,0,Genetic_input/BT_randallele20.csv;Genetic_input/DV_randallele20.csv,Classvars_BT.csv;Classvars_DV.csv,0,0,0,0,0,0,0,N,1,5.616053009,0,289,0,8.699000549,0,76,0,1,1,0,0,0,0,0,0,0,0,0,0,0,0,0,0,0
272,637126.6,5381740,21,0,5,1,0,Genetic_input/BT_randallele20.csv;Genetic_input/DV_randallele20.csv,Classvars_BT.csv;Classvars_DV.csv,0,0,0,0,0,0,0,N,1,5.796579361,0,289,0,8.811000061,0,76,0,1,1,0,0,0,0,0,0,0,0,0,0,0,0,0,0,0
273,637015.6,5381557,29,0,7,1,0,Genetic_input/BT_randallele20.csv;Genetic_input/DV_randallele20.csv,Classvars_BT.csv;Classvars_DV.csv,0,0,0,0,0,0,0,N,1,5.739473724,0,289,0,8.719999695,0,76,0,1,1,0,0,0,0,0,0,0,0,0,0,0,0,0,0,0
274,664143.8,5380909,39,0,10,1,0,Genetic_input/BT_randallele20.csv;Genetic_input/DV_randallele20.csv,Classvars_BT.csv;Classvars_DV.csv,0,0,0,0,0,0,0,N,1,6.135525513,0,289,0,9.300999451,0,76,0,1,1,0,0,0,0,0,0,0,0,0,0,0,0,0,0,0
275,646042.2,5379825,283,0,71,1,0,Genetic_input/BT_randallele20.csv;Genetic_input/DV_randallele20.csv,Classvars_BT.csv;Classvars_DV.csv,0,0,0,0,0,0,0,N,1,7.052895355,0,289,0,10.01499939,0,76,0,1,1,0,0,0,0,0,0,0,0,0,0,0,0,0,0,0
276,663580.7,5379968,131,0,33,1,0,Genetic_input/BT_randallele20.csv;Genetic_input/DV_randallele20.csv,Classvars_BT.csv;Classvars_DV.csv,0,0,0,0,0,0,0,N,1,5.969737625,0,289,0,9.146999359,0,76,0,1,1,0,0,0,0,0,0,0,0,0,0,0,0,0,0,0
277,664585.3,5379538,307,0,77,1,0,Genetic_input/BT_randallele20.csv;Genetic_input/DV_randallele20.csv,Classvars_BT.csv;Classvars_DV.csv,0,0,0,0,0,0,0,N,1,6.013947678,0,289,0,9.202999878,0,76,0,1,1,0,0,0,0,0,0,0,0,0,0,0,0,0,0,0
278,667331.8,5378215,180,0,45,1,0,Genetic_input/BT_randallele20.csv;Genetic_input/DV_randallele20.csv,Classvars_BT.csv;Classvars_DV.csv,0,0,0,0,0,0,0,N,1,5.387631607,0,289,0,8.544999695,0,76,0,1,1,0,0,0,0,0,0,0,0,0,0,0,0,0,0,0
279,664510.4,5377621,124,0,31,1,0,Genetic_input/BT_randallele20.csv;Genetic_input/DV_randallele20.csv,Classvars_BT.csv;Classvars_DV.csv,0,0,0,0,0,0,0,N,1,5.765263367,0,289,0,8.930000305,0,76,0,1,1,0,0,0,0,0,0,0,0,0,0,0,0,0,0,0
280,665497.1,5378077,93,0,23,1,0,Genetic_input/BT_randallele20.csv;Genetic_input/DV_randallele20.csv,Classvars_BT.csv;Classvars_DV.csv,0,0,0,0,0,0,0,N,1,5.873947525,0,289,0,9.034999847,0,76,0,1,1,0,0,0,0,0,0,0,0,0,0,0,0,0,0,0
281,665891.5,5377662,21,0,5,1,0,Genetic_input/BT_randallele20.csv;Genetic_input/DV_randallele20.csv,Classvars_BT.csv;Classvars_DV.csv,0,0,0,0,0,0,0,N,1,5.899736404,0,289,0,9.062999725,0,76,0,1,1,0,0,0,0,0,0,0,0,0,0,0,0,0,0,0
282,665657.3,5376779,118,0,30,1,0,Genetic_input/BT_randallele20.csv;Genetic_input/DV_randallele20.csv,Classvars_BT.csv;Classvars_DV.csv,0,0,0,0,0,0,0,N,1,5.641841888,0,289,0,8.811000061,0,76,0,1,1,0,0,0,0,0,0,0,0,0,0,0,0,0,0,0
283,666192.5,5377569,19,0,5,1,0,Genetic_input/BT_randallele20.csv;Genetic_input/DV_randallele20.csv,Classvars_BT.csv;Classvars_DV.csv,0,0,0,0,0,0,0,N,1,5.820526505,0,289,0,9,0,76,0,1,1,0,0,0,0,0,0,0,0,0,0,0,0,0,0,0
284,644207.5,5415455,473482,0,118371,0,1,Genetic_input/BT_randallele20.csv;Genetic_input/DV_randallele20.csv,Classvars_BT.csv;Classvars_DV.csv,0,0,0,0,0,0,0,N,1,7.727105713,0,289,0,10.61699982,0,76,0,1,1,0,0,0,0,0,0,0,0,0,0,0,0,0,0,0
285,639021.6,5397199,36830,0,9208,0,1,Genetic_input/BT_randallele20.csv;Genetic_input/DV_randallele20.csv,Classvars_BT.csv;Classvars_DV.csv,0,0,0,0,0,0,0,N,1,8.027368927,0,289,0,10.77800064,0,76,0,1,1,0,0,0,0,0,0,0,0,0,0,0,0,0,0,0
286,634417.9,5396458,9712,0,2428,0,1,Genetic_input/BT_randallele20.csv;Genetic_input/DV_randallele20.csv,Classvars_BT.csv;Classvars_DV.csv,0,0,0,0,0,0,0,N,1,8.150788879,0,289,0,10.85500031,0,76,0,1,1,0,0,0,0,0,0,0,0,0,0,0,0,0,0,0
